0122_C.wartmanii_Constance_123455,0121_C.wartmanii_Constance_123454,0129_C.alpinus_Thun_123148,0.00238109,0.379553,0.003576
0121_C.wartmanii_Constance_123454,0122_C.wartmanii_Constance_123455,012_C.acrinasus_Thun_123125,0.0010509,0.448278,0.00156692
0122_C.wartmanii_Constance_123455,0121_C.wartmanii_Constance_123454,013_C.acrinasus_Thun_123147,0.0109319,0.0736291,0.0165678
0122_C.wartmanii_Constance_123455,0121_C.wartmanii_Constance_123454,014_C.acrinasus_Thun_123203,0.00373367,0.322975,0.00590028
0121_C.wartmanii_Constance_123454,0122_C.wartmanii_Constance_123455,016_C.alpinus_Thun_123119,0.0047359,0.272335,0.005341
0122_C.wartmanii_Constance_123455,0121_C.wartmanii_Constance_123454,017_C.alpinus_Thun_123232,0.00108407,0.444456,0.00127414
0121_C.wartmanii_Constance_123454,0122_C.wartmanii_Constance_123455,019_C.alpinus_Thun_124028,0.00111177,0.445571,0.00130045
0121_C.wartmanii_Constance_123454,0122_C.wartmanii_Constance_123455,021_C.fatioi_Thun_123669,0.00286946,0.354334,0.00337372
0121_C.wartmanii_Constance_123454,0122_C.wartmanii_Constance_123455,022_C.fatioi_Thun_123690,0.00718616,0.170853,0.00866081
0121_C.wartmanii_Constance_123454,0122_C.wartmanii_Constance_123455,023_C.fatioi_Thun_123693,0.00626686,0.199535,0.00746938
0121_C.wartmanii_Constance_123454,0122_C.wartmanii_Constance_123455,056_C.steinmanni_Thun_123130,0.00578502,0.249085,0.00622557
0121_C.wartmanii_Constance_123454,0122_C.wartmanii_Constance_123455,058_C.steinmanni_Thun_123277,0.00664678,0.19113,0.0074975
0121_C.wartmanii_Constance_123454,0122_C.wartmanii_Constance_123455,059_C.steinmanni_Thun_124020,0.00245892,0.366086,0.00321889
0121_C.wartmanii_Constance_123454,0122_C.wartmanii_Constance_123455,061_C.albellus_Thun_123578,0.00759763,0.173944,0.00881486
0121_C.wartmanii_Constance_123454,0122_C.wartmanii_Constance_123455,063_C.albellus_Thun_123845,0.00314853,0.349106,0.00366138
0122_C.wartmanii_Constance_123455,0121_C.wartmanii_Constance_123454,064_C.albellus_Thun_123902,0.00326636,0.342297,0.00373299
0121_C.wartmanii_Constance_123454,0122_C.wartmanii_Constance_123455,0999_C.steinmanni_Thun_124422,0.00231032,0.380942,0.00279985
0121_C.wartmanii_Constance_123454,0123458_C.macrophthalmus_Constance_123458,0129_C.alpinus_Thun_123148,0.0179757,0.00676408,0.0277732
0123458_C.macrophthalmus_Constance_123458,0121_C.wartmanii_Constance_123454,016_C.alpinus_Thun_123119,0.00583525,0.218797,0.00668049
0123458_C.macrophthalmus_Constance_123458,0121_C.wartmanii_Constance_123454,017_C.alpinus_Thun_123232,0.00435057,0.271609,0.00520409
0123458_C.macrophthalmus_Constance_123458,0121_C.wartmanii_Constance_123454,019_C.alpinus_Thun_124028,0.00181572,0.405535,0.00216008
0123458_C.macrophthalmus_Constance_123458,0121_C.wartmanii_Constance_123454,021_C.fatioi_Thun_123669,0.0118331,0.0509015,0.0139699
0123458_C.macrophthalmus_Constance_123458,0121_C.wartmanii_Constance_123454,022_C.fatioi_Thun_123690,0.011721,0.0531545,0.0142273
0123458_C.macrophthalmus_Constance_123458,0121_C.wartmanii_Constance_123454,023_C.fatioi_Thun_123693,0.00879331,0.105314,0.0105732
0123458_C.macrophthalmus_Constance_123458,0121_C.wartmanii_Constance_123454,056_C.steinmanni_Thun_123130,0.00625733,0.212183,0.00682411
0123458_C.macrophthalmus_Constance_123458,0121_C.wartmanii_Constance_123454,058_C.steinmanni_Thun_123277,0.0100197,0.0933104,0.011398
0121_C.wartmanii_Constance_123454,0123458_C.macrophthalmus_Constance_123458,059_C.steinmanni_Thun_124020,0.0184902,0.00455003,0.0247865
0123458_C.macrophthalmus_Constance_123458,0121_C.wartmanii_Constance_123454,061_C.albellus_Thun_123578,0.00161897,0.410924,0.00191626
0123458_C.macrophthalmus_Constance_123458,0121_C.wartmanii_Constance_123454,063_C.albellus_Thun_123845,0.0162305,0.0127615,0.0189127
0123458_C.macrophthalmus_Constance_123458,0121_C.wartmanii_Constance_123454,064_C.albellus_Thun_123902,0.00997788,0.086772,0.0115596
0121_C.wartmanii_Constance_123454,0123458_C.macrophthalmus_Constance_123458,0999_C.steinmanni_Thun_124422,0.00577646,0.214739,0.00717783
0121_C.wartmanii_Constance_123454,0123470_C.macrophthalmus_Constance_123470,0129_C.alpinus_Thun_123148,0.0163941,0.020591,0.025413
0123470_C.macrophthalmus_Constance_123470,0121_C.wartmanii_Constance_123454,016_C.alpinus_Thun_123119,0.0142032,0.0395226,0.0161146
0123470_C.macrophthalmus_Constance_123470,0121_C.wartmanii_Constance_123454,017_C.alpinus_Thun_123232,0.0080562,0.159821,0.00962179
0123470_C.macrophthalmus_Constance_123470,0121_C.wartmanii_Constance_123454,019_C.alpinus_Thun_124028,0.0130373,0.0613279,0.015329
0123470_C.macrophthalmus_Constance_123470,0121_C.wartmanii_Constance_123454,021_C.fatioi_Thun_123669,0.01013,0.100729,0.012006
0123470_C.macrophthalmus_Constance_123470,0121_C.wartmanii_Constance_123454,022_C.fatioi_Thun_123690,0.012743,0.0496048,0.0154495
0123470_C.macrophthalmus_Constance_123470,0121_C.wartmanii_Constance_123454,023_C.fatioi_Thun_123693,0.0129073,0.0448911,0.0154833
0123470_C.macrophthalmus_Constance_123470,0121_C.wartmanii_Constance_123454,056_C.steinmanni_Thun_123130,0.0130343,0.0622258,0.0141732
0123470_C.macrophthalmus_Constance_123470,0121_C.wartmanii_Constance_123454,058_C.steinmanni_Thun_123277,0.0166691,0.0153964,0.0188505
0121_C.wartmanii_Constance_123454,0123470_C.macrophthalmus_Constance_123470,059_C.steinmanni_Thun_124020,0.00206323,0.392995,0.00277221
0123470_C.macrophthalmus_Constance_123470,0121_C.wartmanii_Constance_123454,061_C.albellus_Thun_123578,0.00383586,0.31999,0.00453415
0123470_C.macrophthalmus_Constance_123470,0121_C.wartmanii_Constance_123454,063_C.albellus_Thun_123845,0.0128484,0.0538045,0.0150468
0123470_C.macrophthalmus_Constance_123470,0121_C.wartmanii_Constance_123454,064_C.albellus_Thun_123902,0.00559408,0.249062,0.00651194
0121_C.wartmanii_Constance_123454,0123470_C.macrophthalmus_Constance_123470,0999_C.steinmanni_Thun_124422,0.00843873,0.149705,0.0105175
0121_C.wartmanii_Constance_123454,0123_C.wartmanii_Constance_123460,0129_C.alpinus_Thun_123148,0.00774606,0.141525,0.0116049
0121_C.wartmanii_Constance_123454,0123_C.wartmanii_Constance_123460,012_C.acrinasus_Thun_123125,0.0111605,0.073431,0.016515
0123_C.wartmanii_Constance_123460,0121_C.wartmanii_Constance_123454,013_C.acrinasus_Thun_123147,0.000331908,0.48171,0.000508378
0121_C.wartmanii_Constance_123454,0123_C.wartmanii_Constance_123460,014_C.acrinasus_Thun_123203,0.0101582,0.085584,0.016069
0121_C.wartmanii_Constance_123454,0123_C.wartmanii_Constance_123460,016_C.alpinus_Thun_123119,0.00521968,0.259887,0.00585626
0121_C.wartmanii_Constance_123454,0123_C.wartmanii_Constance_123460,017_C.alpinus_Thun_123232,0.00400783,0.300701,0.00468616
0121_C.wartmanii_Constance_123454,0123_C.wartmanii_Constance_123460,019_C.alpinus_Thun_124028,0.00545573,0.247315,0.00633366
0121_C.wartmanii_Constance_123454,0123_C.wartmanii_Constance_123460,021_C.fatioi_Thun_123669,0.00695622,0.17136,0.00810976
0121_C.wartmanii_Constance_123454,0123_C.wartmanii_Constance_123460,022_C.fatioi_Thun_123690,0.010085,0.0847051,0.0120916
0121_C.wartmanii_Constance_123454,0123_C.wartmanii_Constance_123460,023_C.fatioi_Thun_123693,0.00447443,0.260623,0.00530521
0121_C.wartmanii_Constance_123454,0123_C.wartmanii_Constance_123460,056_C.steinmanni_Thun_123130,0.010461,0.0884668,0.0112043
0121_C.wartmanii_Constance_123454,0123_C.wartmanii_Constance_123460,058_C.steinmanni_Thun_123277,0.0137529,0.0325919,0.0154445
0121_C.wartmanii_Constance_123454,0123_C.wartmanii_Constance_123460,059_C.steinmanni_Thun_124020,0.00927441,0.0947985,0.0120927
0121_C.wartmanii_Constance_123454,0123_C.wartmanii_Constance_123460,061_C.albellus_Thun_123578,0.00733237,0.171555,0.00844974
0121_C.wartmanii_Constance_123454,0123_C.wartmanii_Constance_123460,063_C.albellus_Thun_123845,0.000812667,0.458532,0.000938517
0121_C.wartmanii_Constance_123454,0123_C.wartmanii_Constance_123460,064_C.albellus_Thun_123902,0.00858543,0.13858,0.00978758
0121_C.wartmanii_Constance_123454,0123_C.wartmanii_Constance_123460,0999_C.steinmanni_Thun_124422,0.0122848,0.0494356,0.0148504
0126_C.arenicolus_Constance_123462,0121_C.wartmanii_Constance_123454,0129_C.alpinus_Thun_123148,0.000919142,0.455592,0.00144938
0126_C.arenicolus_Constance_123462,0121_C.wartmanii_Constance_123454,016_C.alpinus_Thun_123119,0.0228796,0.00176863,0.0262076
0126_C.arenicolus_Constance_123462,0121_C.wartmanii_Constance_123454,017_C.alpinus_Thun_123232,0.019383,0.00681712,0.0232647
0126_C.arenicolus_Constance_123462,0121_C.wartmanii_Constance_123454,019_C.alpinus_Thun_124028,0.0215173,0.00540318,0.0255376
0126_C.arenicolus_Constance_123462,0121_C.wartmanii_Constance_123454,021_C.fatioi_Thun_123669,0.0271016,0.000329971,0.0320962
0126_C.arenicolus_Constance_123462,0121_C.wartmanii_Constance_123454,022_C.fatioi_Thun_123690,0.0334219,8.76813e-06,0.0402495
0126_C.arenicolus_Constance_123462,0121_C.wartmanii_Constance_123454,023_C.fatioi_Thun_123693,0.0312723,1.40088e-05,0.0373782
0126_C.arenicolus_Constance_123462,0121_C.wartmanii_Constance_123454,056_C.steinmanni_Thun_123130,0.0263733,0.00106602,0.0288321
0126_C.arenicolus_Constance_123462,0121_C.wartmanii_Constance_123454,058_C.steinmanni_Thun_123277,0.0282774,0.000199664,0.0321911
0126_C.arenicolus_Constance_123462,0121_C.wartmanii_Constance_123454,059_C.steinmanni_Thun_124020,0.0131313,0.0378742,0.0176766
0126_C.arenicolus_Constance_123462,0121_C.wartmanii_Constance_123454,061_C.albellus_Thun_123578,0.0280609,0.000261254,0.032775
0126_C.arenicolus_Constance_123462,0121_C.wartmanii_Constance_123454,063_C.albellus_Thun_123845,0.0386498,1.01115e-06,0.0447859
0126_C.arenicolus_Constance_123462,0121_C.wartmanii_Constance_123454,064_C.albellus_Thun_123902,0.0304564,0.000117974,0.035082
0126_C.arenicolus_Constance_123462,0121_C.wartmanii_Constance_123454,0999_C.steinmanni_Thun_124422,0.0104821,0.0887985,0.0131401
0127_C.arenicolus_Constance_123463,0121_C.wartmanii_Constance_123454,0129_C.alpinus_Thun_123148,0.00767996,0.16892,0.012101
0127_C.arenicolus_Constance_123463,0121_C.wartmanii_Constance_123454,013_C.acrinasus_Thun_123147,0.000304782,0.483922,0.000499418
0121_C.wartmanii_Constance_123454,0127_C.arenicolus_Constance_123463,014_C.acrinasus_Thun_123203,0.0049782,0.264199,0.00842228
0127_C.arenicolus_Constance_123463,0121_C.wartmanii_Constance_123454,016_C.alpinus_Thun_123119,0.015569,0.0219129,0.0181918
0127_C.arenicolus_Constance_123463,0121_C.wartmanii_Constance_123454,017_C.alpinus_Thun_123232,0.0161048,0.0188726,0.0196325
0127_C.arenicolus_Constance_123463,0121_C.wartmanii_Constance_123454,019_C.alpinus_Thun_124028,0.018784,0.0124552,0.0226757
0127_C.arenicolus_Constance_123463,0121_C.wartmanii_Constance_123454,021_C.fatioi_Thun_123669,0.0281295,0.000117021,0.033602
0127_C.arenicolus_Constance_123463,0121_C.wartmanii_Constance_123454,022_C.fatioi_Thun_123690,0.0326356,3.41574e-06,0.0397348
0127_C.arenicolus_Constance_123463,0121_C.wartmanii_Constance_123454,023_C.fatioi_Thun_123693,0.027806,6.08301e-05,0.0337191
0127_C.arenicolus_Constance_123463,0121_C.wartmanii_Constance_123454,056_C.steinmanni_Thun_123130,0.0197725,0.00935194,0.0220416
0127_C.arenicolus_Constance_123463,0121_C.wartmanii_Constance_123454,058_C.steinmanni_Thun_123277,0.0188037,0.00733085,0.0219678
0127_C.arenicolus_Constance_123463,0121_C.wartmanii_Constance_123454,059_C.steinmanni_Thun_124020,0.0136594,0.0312791,0.0185442
0127_C.arenicolus_Constance_123463,0121_C.wartmanii_Constance_123454,061_C.albellus_Thun_123578,0.0272993,0.000310337,0.0323228
0127_C.arenicolus_Constance_123463,0121_C.wartmanii_Constance_123454,063_C.albellus_Thun_123845,0.0274421,0.000265287,0.0326218
0127_C.arenicolus_Constance_123463,0121_C.wartmanii_Constance_123454,064_C.albellus_Thun_123902,0.0301197,0.000106484,0.0351723
0127_C.arenicolus_Constance_123463,0121_C.wartmanii_Constance_123454,0999_C.steinmanni_Thun_124422,0.0105823,0.0860062,0.0134122
0128_C.arenicolus_Constance_123475,0121_C.wartmanii_Constance_123454,0129_C.alpinus_Thun_123148,0.00512641,0.242909,0.0080891
0128_C.arenicolus_Constance_123475,0121_C.wartmanii_Constance_123454,013_C.acrinasus_Thun_123147,0.000770917,0.456308,0.001254
0121_C.wartmanii_Constance_123454,0128_C.arenicolus_Constance_123475,014_C.acrinasus_Thun_123203,0.00525311,0.218647,0.00882527
0128_C.arenicolus_Constance_123475,0121_C.wartmanii_Constance_123454,016_C.alpinus_Thun_123119,0.024824,0.000800134,0.0286028
0128_C.arenicolus_Constance_123475,0121_C.wartmanii_Constance_123454,017_C.alpinus_Thun_123232,0.02771,0.000137384,0.033266
0128_C.arenicolus_Constance_123475,0121_C.wartmanii_Constance_123454,019_C.alpinus_Thun_124028,0.0231468,0.00117328,0.0276727
0128_C.arenicolus_Constance_123475,0121_C.wartmanii_Constance_123454,021_C.fatioi_Thun_123669,0.027603,8.25346e-05,0.0329465
0128_C.arenicolus_Constance_123475,0121_C.wartmanii_Constance_123454,022_C.fatioi_Thun_123690,0.0318139,1.53272e-05,0.0387329
0128_C.arenicolus_Constance_123475,0121_C.wartmanii_Constance_123454,023_C.fatioi_Thun_123693,0.0333695,1.87311e-06,0.040121
0128_C.arenicolus_Constance_123475,0121_C.wartmanii_Constance_123454,056_C.steinmanni_Thun_123130,0.0294745,6.84667e-05,0.0323401
0128_C.arenicolus_Constance_123475,0121_C.wartmanii_Constance_123454,058_C.steinmanni_Thun_123277,0.0315409,1.88512e-05,0.0360446
0128_C.arenicolus_Constance_123475,0121_C.wartmanii_Constance_123454,059_C.steinmanni_Thun_124020,0.00961116,0.094189,0.0131069
0128_C.arenicolus_Constance_123475,0121_C.wartmanii_Constance_123454,061_C.albellus_Thun_123578,0.0265201,6.54384e-05,0.0312969
0128_C.arenicolus_Constance_123475,0121_C.wartmanii_Constance_123454,063_C.albellus_Thun_123845,0.0308917,4.27052e-06,0.036337
0128_C.arenicolus_Constance_123475,0121_C.wartmanii_Constance_123454,064_C.albellus_Thun_123902,0.0292805,1.79537e-05,0.0339941
0128_C.arenicolus_Constance_123475,0121_C.wartmanii_Constance_123454,0999_C.steinmanni_Thun_124422,0.0161684,0.0157182,0.0202768
0121_C.wartmanii_Constance_123454,0131_C.wartmanii_Constance_123457,0129_C.alpinus_Thun_123148,0.000892715,0.457579,0.00132551
0121_C.wartmanii_Constance_123454,0132_C.macrophthalmus_Constance_123471,0129_C.alpinus_Thun_123148,0.0139046,0.0427728,0.0216241
0121_C.wartmanii_Constance_123454,0131_C.wartmanii_Constance_123457,012_C.acrinasus_Thun_123125,0.0022825,0.38954,0.00334545
0121_C.wartmanii_Constance_123454,0131_C.wartmanii_Constance_123457,013_C.acrinasus_Thun_123147,0.0055986,0.238372,0.00851121
0131_C.wartmanii_Constance_123457,0121_C.wartmanii_Constance_123454,014_C.acrinasus_Thun_123203,0.00385936,0.305505,0.00602316
0121_C.wartmanii_Constance_123454,0131_C.wartmanii_Constance_123457,016_C.alpinus_Thun_123119,0.00273892,0.360812,0.00304364
0121_C.wartmanii_Constance_123454,0131_C.wartmanii_Constance_123457,017_C.alpinus_Thun_123232,0.0150095,0.0269762,0.0174064
0121_C.wartmanii_Constance_123454,0131_C.wartmanii_Constance_123457,019_C.alpinus_Thun_124028,0.00341226,0.332344,0.00392232
0121_C.wartmanii_Constance_123454,0131_C.wartmanii_Constance_123457,021_C.fatioi_Thun_123669,0.0158874,0.0182411,0.0183963
0121_C.wartmanii_Constance_123454,0131_C.wartmanii_Constance_123457,022_C.fatioi_Thun_123690,0.0124037,0.0538798,0.0147219
0121_C.wartmanii_Constance_123454,0131_C.wartmanii_Constance_123457,023_C.fatioi_Thun_123693,0.0149295,0.0184775,0.0175142
0121_C.wartmanii_Constance_123454,0131_C.wartmanii_Constance_123457,056_C.steinmanni_Thun_123130,0.0136426,0.0520463,0.0145003
0121_C.wartmanii_Constance_123454,0131_C.wartmanii_Constance_123457,058_C.steinmanni_Thun_123277,0.00957382,0.104422,0.0106432
0121_C.wartmanii_Constance_123454,0131_C.wartmanii_Constance_123457,059_C.steinmanni_Thun_124020,0.00418647,0.283791,0.00539548
0121_C.wartmanii_Constance_123454,0131_C.wartmanii_Constance_123457,061_C.albellus_Thun_123578,0.0147206,0.030896,0.0168543
0121_C.wartmanii_Constance_123454,0131_C.wartmanii_Constance_123457,063_C.albellus_Thun_123845,0.00889263,0.123957,0.0101855
0121_C.wartmanii_Constance_123454,0131_C.wartmanii_Constance_123457,064_C.albellus_Thun_123902,0.0108961,0.0885215,0.0122808
0121_C.wartmanii_Constance_123454,0131_C.wartmanii_Constance_123457,0999_C.steinmanni_Thun_124422,0.00678067,0.193105,0.00810888
0132_C.macrophthalmus_Constance_123471,0121_C.wartmanii_Constance_123454,016_C.alpinus_Thun_123119,0.0127031,0.0571353,0.0145076
0132_C.macrophthalmus_Constance_123471,0121_C.wartmanii_Constance_123454,017_C.alpinus_Thun_123232,0.00558411,0.232493,0.00671928
0132_C.macrophthalmus_Constance_123471,0121_C.wartmanii_Constance_123454,019_C.alpinus_Thun_124028,0.011115,0.0966808,0.0131764
0132_C.macrophthalmus_Constance_123471,0121_C.wartmanii_Constance_123454,021_C.fatioi_Thun_123669,0.02012,0.00357174,0.0236978
0132_C.macrophthalmus_Constance_123471,0121_C.wartmanii_Constance_123454,022_C.fatioi_Thun_123690,0.0263196,0.00023549,0.0315125
0132_C.macrophthalmus_Constance_123471,0121_C.wartmanii_Constance_123454,023_C.fatioi_Thun_123693,0.0191311,0.00422236,0.0228619
0132_C.macrophthalmus_Constance_123471,0121_C.wartmanii_Constance_123454,056_C.steinmanni_Thun_123130,0.0133832,0.0490911,0.0146242
0132_C.macrophthalmus_Constance_123471,0121_C.wartmanii_Constance_123454,058_C.steinmanni_Thun_123277,0.0214781,0.00172688,0.0242781
0121_C.wartmanii_Constance_123454,0132_C.macrophthalmus_Constance_123471,059_C.steinmanni_Thun_124020,0.00190656,0.400818,0.00257407
0132_C.macrophthalmus_Constance_123471,0121_C.wartmanii_Constance_123454,061_C.albellus_Thun_123578,0.0120643,0.0699463,0.0141777
0132_C.macrophthalmus_Constance_123471,0121_C.wartmanii_Constance_123454,063_C.albellus_Thun_123845,0.0201756,0.00608015,0.0234951
0132_C.macrophthalmus_Constance_123471,0121_C.wartmanii_Constance_123454,064_C.albellus_Thun_123902,0.019737,0.00948647,0.0226742
0132_C.macrophthalmus_Constance_123471,0121_C.wartmanii_Constance_123454,0999_C.steinmanni_Thun_124422,0.0049363,0.259671,0.00613966
0122_C.wartmanii_Constance_123455,0123458_C.macrophthalmus_Constance_123458,0129_C.alpinus_Thun_123148,0.0202515,0.00530401,0.0312348
0123458_C.macrophthalmus_Constance_123458,0122_C.wartmanii_Constance_123455,016_C.alpinus_Thun_123119,0.0104386,0.0793875,0.011979
0123458_C.macrophthalmus_Constance_123458,0122_C.wartmanii_Constance_123455,017_C.alpinus_Thun_123232,0.00327369,0.334658,0.00393333
0123458_C.macrophthalmus_Constance_123458,0122_C.wartmanii_Constance_123455,019_C.alpinus_Thun_124028,0.0028916,0.369375,0.0034601
0123458_C.macrophthalmus_Constance_123458,0122_C.wartmanii_Constance_123455,021_C.fatioi_Thun_123669,0.0146375,0.0245169,0.0172781
0123458_C.macrophthalmus_Constance_123458,0122_C.wartmanii_Constance_123455,022_C.fatioi_Thun_123690,0.0187062,0.00594281,0.0227656
0123458_C.macrophthalmus_Constance_123458,0122_C.wartmanii_Constance_123455,023_C.fatioi_Thun_123693,0.0148656,0.0228817,0.0179608
0123458_C.macrophthalmus_Constance_123458,0122_C.wartmanii_Constance_123455,056_C.steinmanni_Thun_123130,0.0118826,0.0805347,0.0130191
0123458_C.macrophthalmus_Constance_123458,0122_C.wartmanii_Constance_123455,058_C.steinmanni_Thun_123277,0.016465,0.0156422,0.0188228
0122_C.wartmanii_Constance_123455,0123458_C.macrophthalmus_Constance_123458,059_C.steinmanni_Thun_124020,0.0160198,0.015591,0.0216467
0123458_C.macrophthalmus_Constance_123458,0122_C.wartmanii_Constance_123455,061_C.albellus_Thun_123578,0.00904427,0.135051,0.0107133
0123458_C.macrophthalmus_Constance_123458,0122_C.wartmanii_Constance_123455,063_C.albellus_Thun_123845,0.0192918,0.00844148,0.022501
0123458_C.macrophthalmus_Constance_123458,0122_C.wartmanii_Constance_123455,064_C.albellus_Thun_123902,0.00677688,0.201292,0.00787024
0122_C.wartmanii_Constance_123455,0123458_C.macrophthalmus_Constance_123458,0999_C.steinmanni_Thun_124422,0.00350958,0.327954,0.00438907
0122_C.wartmanii_Constance_123455,0123470_C.macrophthalmus_Constance_123470,0129_C.alpinus_Thun_123148,0.0187844,0.00359812,0.0288835
0123470_C.macrophthalmus_Constance_123470,0122_C.wartmanii_Constance_123455,016_C.alpinus_Thun_123119,0.0188523,0.00326369,0.0213807
0123470_C.macrophthalmus_Constance_123470,0122_C.wartmanii_Constance_123455,017_C.alpinus_Thun_123232,0.00702236,0.161466,0.00835504
0123470_C.macrophthalmus_Constance_123470,0122_C.wartmanii_Constance_123455,019_C.alpinus_Thun_124028,0.0141443,0.0240399,0.0165997
0123470_C.macrophthalmus_Constance_123470,0122_C.wartmanii_Constance_123455,021_C.fatioi_Thun_123669,0.0129626,0.0340756,0.015339
0123470_C.macrophthalmus_Constance_123470,0122_C.wartmanii_Constance_123455,022_C.fatioi_Thun_123690,0.0198211,0.00170169,0.024008
0123470_C.macrophthalmus_Constance_123470,0122_C.wartmanii_Constance_123455,023_C.fatioi_Thun_123693,0.0190467,0.00258614,0.0228403
0123470_C.macrophthalmus_Constance_123470,0122_C.wartmanii_Constance_123455,056_C.steinmanni_Thun_123130,0.0187393,0.00360182,0.0203288
0123470_C.macrophthalmus_Constance_123470,0122_C.wartmanii_Constance_123455,058_C.steinmanni_Thun_123277,0.0231971,0.000393149,0.0262095
0123470_C.macrophthalmus_Constance_123470,0122_C.wartmanii_Constance_123455,059_C.steinmanni_Thun_124020,0.00033681,0.480086,0.000451169
0123470_C.macrophthalmus_Constance_123470,0122_C.wartmanii_Constance_123455,061_C.albellus_Thun_123578,0.0112916,0.0543525,0.0133164
0123470_C.macrophthalmus_Constance_123470,0122_C.wartmanii_Constance_123455,063_C.albellus_Thun_123845,0.0159491,0.00883631,0.0186165
0123470_C.macrophthalmus_Constance_123470,0122_C.wartmanii_Constance_123455,064_C.albellus_Thun_123902,0.0024092,0.3661,0.00280137
0122_C.wartmanii_Constance_123455,0123470_C.macrophthalmus_Constance_123470,0999_C.steinmanni_Thun_124422,0.00621395,0.190147,0.00775299
0122_C.wartmanii_Constance_123455,0123_C.wartmanii_Constance_123460,0129_C.alpinus_Thun_123148,0.0102617,0.093871,0.0151337
0122_C.wartmanii_Constance_123455,0123_C.wartmanii_Constance_123460,012_C.acrinasus_Thun_123125,0.0101955,0.116065,0.0150065
0122_C.wartmanii_Constance_123455,0123_C.wartmanii_Constance_123460,013_C.acrinasus_Thun_123147,0.0107663,0.094418,0.016061
0122_C.wartmanii_Constance_123455,0123_C.wartmanii_Constance_123460,014_C.acrinasus_Thun_123203,0.0140294,0.0458296,0.0218935
0122_C.wartmanii_Constance_123455,0123_C.wartmanii_Constance_123460,016_C.alpinus_Thun_123119,0.000464289,0.476186,0.000518655
0122_C.wartmanii_Constance_123455,0123_C.wartmanii_Constance_123460,017_C.alpinus_Thun_123232,0.00515715,0.248273,0.00595031
0122_C.wartmanii_Constance_123455,0123_C.wartmanii_Constance_123460,019_C.alpinus_Thun_124028,0.00438089,0.309703,0.0050426
0122_C.wartmanii_Constance_123455,0123_C.wartmanii_Constance_123460,021_C.fatioi_Thun_123669,0.00410655,0.287088,0.00475876
0122_C.wartmanii_Constance_123455,0123_C.wartmanii_Constance_123460,022_C.fatioi_Thun_123690,0.00289179,0.346669,0.0034589
0123_C.wartmanii_Constance_123460,0122_C.wartmanii_Constance_123455,023_C.fatioi_Thun_123693,0.00184666,0.399834,0.00218033
0122_C.wartmanii_Constance_123455,0123_C.wartmanii_Constance_123460,056_C.steinmanni_Thun_123130,0.00468741,0.292314,0.00500382
0122_C.wartmanii_Constance_123455,0123_C.wartmanii_Constance_123460,058_C.steinmanni_Thun_123277,0.00712559,0.167273,0.00799264
0122_C.wartmanii_Constance_123455,0123_C.wartmanii_Constance_123460,059_C.steinmanni_Thun_124020,0.00687772,0.181148,0.00889678
0123_C.wartmanii_Constance_123460,0122_C.wartmanii_Constance_123455,061_C.albellus_Thun_123578,0.00033062,0.483785,0.000380774
0123_C.wartmanii_Constance_123460,0122_C.wartmanii_Constance_123455,063_C.albellus_Thun_123845,0.00237997,0.384241,0.00272668
0122_C.wartmanii_Constance_123455,0123_C.wartmanii_Constance_123460,064_C.albellus_Thun_123902,0.0119965,0.0720418,0.0134966
0122_C.wartmanii_Constance_123455,0123_C.wartmanii_Constance_123460,0999_C.steinmanni_Thun_124422,0.010079,0.100176,0.0120729
0122_C.wartmanii_Constance_123455,0126_C.arenicolus_Constance_123462,0129_C.alpinus_Thun_123148,0.00134331,0.434128,0.00212982
0122_C.wartmanii_Constance_123455,0126_C.arenicolus_Constance_123462,014_C.acrinasus_Thun_123203,0.013562,0.0466733,0.0227118
0126_C.arenicolus_Constance_123462,0122_C.wartmanii_Constance_123455,016_C.alpinus_Thun_123119,0.0271934,0.000510999,0.0314624
0126_C.arenicolus_Constance_123462,0122_C.wartmanii_Constance_123455,017_C.alpinus_Thun_123232,0.01818,0.0125552,0.0220073
0126_C.arenicolus_Constance_123462,0122_C.wartmanii_Constance_123455,019_C.alpinus_Thun_124028,0.0223896,0.00346684,0.0268009
0126_C.arenicolus_Constance_123462,0122_C.wartmanii_Constance_123455,021_C.fatioi_Thun_123669,0.0296194,0.000103197,0.0353074
0126_C.arenicolus_Constance_123462,0122_C.wartmanii_Constance_123455,022_C.fatioi_Thun_123690,0.0399995,2.64111e-07,0.0485855
0126_C.arenicolus_Constance_123462,0122_C.wartmanii_Constance_123455,023_C.fatioi_Thun_123693,0.0369371,1.4336e-06,0.0445473
0126_C.arenicolus_Constance_123462,0122_C.wartmanii_Constance_123455,056_C.steinmanni_Thun_123130,0.0316422,4.13134e-05,0.0348729
0126_C.arenicolus_Constance_123462,0122_C.wartmanii_Constance_123455,058_C.steinmanni_Thun_123277,0.0343153,8.83153e-06,0.0395058
0126_C.arenicolus_Constance_123462,0122_C.wartmanii_Constance_123455,059_C.steinmanni_Thun_124020,0.0153766,0.0274748,0.0208042
0126_C.arenicolus_Constance_123462,0122_C.wartmanii_Constance_123455,061_C.albellus_Thun_123578,0.035065,4.60281e-06,0.0413391
0126_C.arenicolus_Constance_123462,0122_C.wartmanii_Constance_123455,063_C.albellus_Thun_123845,0.0413726,4.94337e-08,0.0481507
0126_C.arenicolus_Constance_123462,0122_C.wartmanii_Constance_123455,064_C.albellus_Thun_123902,0.0271141,0.000311246,0.0314918
0126_C.arenicolus_Constance_123462,0122_C.wartmanii_Constance_123455,0999_C.steinmanni_Thun_124422,0.0125804,0.0551418,0.0158815
0127_C.arenicolus_Constance_123463,0122_C.wartmanii_Constance_123455,0129_C.alpinus_Thun_123148,0.00545805,0.242271,0.00859576
0122_C.wartmanii_Constance_123455,0127_C.arenicolus_Constance_123463,014_C.acrinasus_Thun_123203,0.00853082,0.141849,0.0142514
0127_C.arenicolus_Constance_123463,0122_C.wartmanii_Constance_123455,016_C.alpinus_Thun_123119,0.0201236,0.00676302,0.0234918
0127_C.arenicolus_Constance_123463,0122_C.wartmanii_Constance_123455,017_C.alpinus_Thun_123232,0.0151168,0.0282352,0.0183925
0127_C.arenicolus_Constance_123463,0122_C.wartmanii_Constance_123455,019_C.alpinus_Thun_124028,0.019896,0.00875798,0.0240131
0127_C.arenicolus_Constance_123463,0122_C.wartmanii_Constance_123455,021_C.fatioi_Thun_123669,0.0309941,4.00641e-05,0.036897
0127_C.arenicolus_Constance_123463,0122_C.wartmanii_Constance_123455,022_C.fatioi_Thun_123690,0.0395755,1.55482e-07,0.0480819
0127_C.arenicolus_Constance_123463,0122_C.wartmanii_Constance_123455,023_C.fatioi_Thun_123693,0.0338554,7.22322e-06,0.0409662
0127_C.arenicolus_Constance_123463,0122_C.wartmanii_Constance_123455,056_C.steinmanni_Thun_123130,0.025324,0.00089821,0.0281596
0127_C.arenicolus_Constance_123463,0122_C.wartmanii_Constance_123455,058_C.steinmanni_Thun_123277,0.0251482,0.000691963,0.0292904
0127_C.arenicolus_Constance_123463,0122_C.wartmanii_Constance_123455,059_C.steinmanni_Thun_124020,0.0160389,0.0205896,0.0217061
0127_C.arenicolus_Constance_123463,0122_C.wartmanii_Constance_123455,061_C.albellus_Thun_123578,0.0346661,8.16926e-06,0.040918
0127_C.arenicolus_Constance_123463,0122_C.wartmanii_Constance_123455,063_C.albellus_Thun_123845,0.0305451,6.22243e-05,0.0361581
0127_C.arenicolus_Constance_123463,0122_C.wartmanii_Constance_123455,064_C.albellus_Thun_123902,0.0272187,0.00039604,0.0315725
0127_C.arenicolus_Constance_123463,0122_C.wartmanii_Constance_123455,0999_C.steinmanni_Thun_124422,0.0128103,0.0594379,0.0161723
0128_C.arenicolus_Constance_123475,0122_C.wartmanii_Constance_123455,0129_C.alpinus_Thun_123148,0.00287556,0.357865,0.00453156
0128_C.arenicolus_Constance_123475,0122_C.wartmanii_Constance_123455,016_C.alpinus_Thun_123119,0.0293344,6.04923e-05,0.033757
0128_C.arenicolus_Constance_123475,0122_C.wartmanii_Constance_123455,017_C.alpinus_Thun_123232,0.0267473,0.000192543,0.0319528
0128_C.arenicolus_Constance_123475,0122_C.wartmanii_Constance_123455,019_C.alpinus_Thun_124028,0.0242483,0.00201697,0.0289544
0128_C.arenicolus_Constance_123475,0122_C.wartmanii_Constance_123455,021_C.fatioi_Thun_123669,0.0303854,1.45068e-05,0.036187
0128_C.arenicolus_Constance_123475,0122_C.wartmanii_Constance_123455,022_C.fatioi_Thun_123690,0.0387029,1.03523e-07,0.0470222
0128_C.arenicolus_Constance_123475,0122_C.wartmanii_Constance_123455,023_C.fatioi_Thun_123693,0.0393588,5.04887e-08,0.0472203
0128_C.arenicolus_Constance_123475,0122_C.wartmanii_Constance_123455,056_C.steinmanni_Thun_123130,0.035037,1.53434e-05,0.038359
0128_C.arenicolus_Constance_123475,0122_C.wartmanii_Constance_123455,058_C.steinmanni_Thun_123277,0.0378256,3.03996e-07,0.0433116
0128_C.arenicolus_Constance_123475,0122_C.wartmanii_Constance_123455,059_C.steinmanni_Thun_124020,0.0119736,0.0492137,0.0162976
0128_C.arenicolus_Constance_123475,0122_C.wartmanii_Constance_123455,061_C.albellus_Thun_123578,0.0337916,1.36755e-05,0.0398397
0128_C.arenicolus_Constance_123475,0122_C.wartmanii_Constance_123455,063_C.albellus_Thun_123845,0.0339309,1.08333e-05,0.0398167
0128_C.arenicolus_Constance_123475,0122_C.wartmanii_Constance_123455,064_C.albellus_Thun_123902,0.0261982,0.000611658,0.0303838
0128_C.arenicolus_Constance_123475,0122_C.wartmanii_Constance_123455,0999_C.steinmanni_Thun_124422,0.018386,0.0101132,0.0229856
0122_C.wartmanii_Constance_123455,0131_C.wartmanii_Constance_123457,0129_C.alpinus_Thun_123148,0.00332795,0.340431,0.00490257
0122_C.wartmanii_Constance_123455,0132_C.macrophthalmus_Constance_123471,0129_C.alpinus_Thun_123148,0.0161383,0.0248738,0.025149
0122_C.wartmanii_Constance_123455,0131_C.wartmanii_Constance_123457,012_C.acrinasus_Thun_123125,0.00121872,0.435175,0.0017834
0122_C.wartmanii_Constance_123455,0131_C.wartmanii_Constance_123457,013_C.acrinasus_Thun_123147,0.0167422,0.0138614,0.0248996
0131_C.wartmanii_Constance_123457,0122_C.wartmanii_Constance_123455,014_C.acrinasus_Thun_123203,6.64934e-05,0.496519,0.000102892
0131_C.wartmanii_Constance_123457,0122_C.wartmanii_Constance_123455,016_C.alpinus_Thun_123119,0.00207389,0.398123,0.00230584
0122_C.wartmanii_Constance_123455,0131_C.wartmanii_Constance_123457,017_C.alpinus_Thun_123232,0.01617,0.0204987,0.0186555
0122_C.wartmanii_Constance_123455,0131_C.wartmanii_Constance_123457,019_C.alpinus_Thun_124028,0.00228558,0.385751,0.00262552
0122_C.wartmanii_Constance_123455,0131_C.wartmanii_Constance_123457,021_C.fatioi_Thun_123669,0.0130056,0.0512369,0.0150365
0122_C.wartmanii_Constance_123455,0131_C.wartmanii_Constance_123457,022_C.fatioi_Thun_123690,0.00511386,0.262664,0.0061094
0122_C.wartmanii_Constance_123455,0131_C.wartmanii_Constance_123457,023_C.fatioi_Thun_123693,0.00856111,0.139613,0.0101183
0122_C.wartmanii_Constance_123455,0131_C.wartmanii_Constance_123457,056_C.steinmanni_Thun_123130,0.00779977,0.149141,0.00830112
0122_C.wartmanii_Constance_123455,0131_C.wartmanii_Constance_123457,058_C.steinmanni_Thun_123277,0.00282768,0.359012,0.00315983
0122_C.wartmanii_Constance_123455,0131_C.wartmanii_Constance_123457,059_C.steinmanni_Thun_124020,0.00169583,0.412704,0.00218504
0122_C.wartmanii_Constance_123455,0131_C.wartmanii_Constance_123457,061_C.albellus_Thun_123578,0.00701431,0.188141,0.00808391
0122_C.wartmanii_Constance_123455,0131_C.wartmanii_Constance_123457,063_C.albellus_Thun_123845,0.00570929,0.221854,0.00655612
0122_C.wartmanii_Constance_123455,0131_C.wartmanii_Constance_123457,064_C.albellus_Thun_123902,0.01423,0.0403376,0.0159794
0122_C.wartmanii_Constance_123455,0131_C.wartmanii_Constance_123457,0999_C.steinmanni_Thun_124422,0.00445742,0.285213,0.00531916
0132_C.macrophthalmus_Constance_123471,0122_C.wartmanii_Constance_123455,016_C.alpinus_Thun_123119,0.0172012,0.00868454,0.0197847
0132_C.macrophthalmus_Constance_123471,0122_C.wartmanii_Constance_123455,017_C.alpinus_Thun_123232,0.00450938,0.267249,0.00545087
0132_C.macrophthalmus_Constance_123471,0122_C.wartmanii_Constance_123455,019_C.alpinus_Thun_124028,0.012116,0.079902,0.0144534
0132_C.macrophthalmus_Constance_123471,0122_C.wartmanii_Constance_123455,021_C.fatioi_Thun_123669,0.0227831,0.000479737,0.0269732
0132_C.macrophthalmus_Constance_123471,0122_C.wartmanii_Constance_123455,022_C.fatioi_Thun_123690,0.0331206,8.02821e-07,0.0399077
0132_C.macrophthalmus_Constance_123471,0122_C.wartmanii_Constance_123455,023_C.fatioi_Thun_123693,0.0250523,0.00018727,0.0301399
0132_C.macrophthalmus_Constance_123471,0122_C.wartmanii_Constance_123455,056_C.steinmanni_Thun_123130,0.0188892,0.0112791,0.0207469
0132_C.macrophthalmus_Constance_123471,0122_C.wartmanii_Constance_123455,058_C.steinmanni_Thun_123277,0.0277231,5.36124e-05,0.0315901
0132_C.macrophthalmus_Constance_123471,0122_C.wartmanii_Constance_123455,059_C.steinmanni_Thun_124020,0.000477208,0.473268,0.000649485
0132_C.macrophthalmus_Constance_123471,0122_C.wartmanii_Constance_123455,061_C.albellus_Thun_123578,0.0193747,0.00808426,0.0228891
0132_C.macrophthalmus_Constance_123471,0122_C.wartmanii_Constance_123455,063_C.albellus_Thun_123845,0.0231024,0.00159788,0.0270762
0132_C.macrophthalmus_Constance_123471,0122_C.wartmanii_Constance_123455,064_C.albellus_Thun_123902,0.0164648,0.0237175,0.0190174
0132_C.macrophthalmus_Constance_123471,0122_C.wartmanii_Constance_123455,0999_C.steinmanni_Thun_124422,0.0071422,0.173812,0.00891182
0123470_C.macrophthalmus_Constance_123470,0123458_C.macrophthalmus_Constance_123458,0129_C.alpinus_Thun_123148,0.00160436,0.42251,0.00244749
0123470_C.macrophthalmus_Constance_123470,0123458_C.macrophthalmus_Constance_123458,012_C.acrinasus_Thun_123125,0.00787844,0.169627,0.0122767
0123470_C.macrophthalmus_Constance_123470,0123458_C.macrophthalmus_Constance_123458,013_C.acrinasus_Thun_123147,0.015049,0.0310818,0.0239336
0123470_C.macrophthalmus_Constance_123470,0123458_C.macrophthalmus_Constance_123458,014_C.acrinasus_Thun_123203,0.00740946,0.175891,0.0123668
0123470_C.macrophthalmus_Constance_123470,0123458_C.macrophthalmus_Constance_123458,016_C.alpinus_Thun_123119,0.00872634,0.125243,0.00950349
0123470_C.macrophthalmus_Constance_123470,0123458_C.macrophthalmus_Constance_123458,017_C.alpinus_Thun_123232,0.0038822,0.312116,0.00444889
0123470_C.macrophthalmus_Constance_123470,0123458_C.macrophthalmus_Constance_123458,019_C.alpinus_Thun_124028,0.011699,0.0885891,0.0131983
0123458_C.macrophthalmus_Constance_123458,0123470_C.macrophthalmus_Constance_123470,021_C.fatioi_Thun_123669,0.00174422,0.410738,0.00197692
0123470_C.macrophthalmus_Constance_123470,0123458_C.macrophthalmus_Constance_123458,022_C.fatioi_Thun_123690,0.00108418,0.444505,0.0012609
0123470_C.macrophthalmus_Constance_123470,0123458_C.macrophthalmus_Constance_123458,023_C.fatioi_Thun_123693,0.00430526,0.282426,0.00496153
0123470_C.macrophthalmus_Constance_123470,0123458_C.macrophthalmus_Constance_123458,056_C.steinmanni_Thun_123130,0.00709644,0.206397,0.00739406
0123470_C.macrophthalmus_Constance_123470,0123458_C.macrophthalmus_Constance_123458,058_C.steinmanni_Thun_123277,0.00694697,0.19168,0.00754155
0123470_C.macrophthalmus_Constance_123470,0123458_C.macrophthalmus_Constance_123458,059_C.steinmanni_Thun_124020,0.0170553,0.012987,0.0220762
0123470_C.macrophthalmus_Constance_123470,0123458_C.macrophthalmus_Constance_123458,061_C.albellus_Thun_123578,0.00230976,0.391319,0.00262109
0123458_C.macrophthalmus_Constance_123458,0123470_C.macrophthalmus_Constance_123470,063_C.albellus_Thun_123845,0.00351036,0.333771,0.00393642
0123458_C.macrophthalmus_Constance_123458,0123470_C.macrophthalmus_Constance_123470,064_C.albellus_Thun_123902,0.00455309,0.294227,0.00506345
0123458_C.macrophthalmus_Constance_123458,0123470_C.macrophthalmus_Constance_123470,0999_C.steinmanni_Thun_124422,0.00279353,0.365255,0.0033748
0123_C.wartmanii_Constance_123460,0123458_C.macrophthalmus_Constance_123458,0129_C.alpinus_Thun_123148,0.0105442,0.0680726,0.0163224
0123458_C.macrophthalmus_Constance_123458,0123_C.wartmanii_Constance_123460,016_C.alpinus_Thun_123119,0.0109906,0.0747711,0.0124891
0123458_C.macrophthalmus_Constance_123458,0123_C.wartmanii_Constance_123460,017_C.alpinus_Thun_123232,0.0083169,0.134408,0.00985346
0123458_C.macrophthalmus_Constance_123458,0123_C.wartmanii_Constance_123460,019_C.alpinus_Thun_124028,0.00717645,0.186547,0.00847374
0123458_C.macrophthalmus_Constance_123458,0123_C.wartmanii_Constance_123460,021_C.fatioi_Thun_123669,0.0188056,0.00293676,0.021957
0123458_C.macrophthalmus_Constance_123458,0123_C.wartmanii_Constance_123460,022_C.fatioi_Thun_123690,0.0217273,0.000901954,0.0261227
0123458_C.macrophthalmus_Constance_123458,0123_C.wartmanii_Constance_123460,023_C.fatioi_Thun_123693,0.0132602,0.0265422,0.0158009
0123458_C.macrophthalmus_Constance_123458,0123_C.wartmanii_Constance_123460,056_C.steinmanni_Thun_123130,0.0165815,0.0140679,0.0179519
0123458_C.macrophthalmus_Constance_123458,0123_C.wartmanii_Constance_123460,058_C.steinmanni_Thun_123277,0.0235605,0.000709601,0.0266215
0123_C.wartmanii_Constance_123460,0123458_C.macrophthalmus_Constance_123458,059_C.steinmanni_Thun_124020,0.0095319,0.0945643,0.0128492
0123458_C.macrophthalmus_Constance_123458,0123_C.wartmanii_Constance_123460,061_C.albellus_Thun_123578,0.00882399,0.121586,0.0103545
0123458_C.macrophthalmus_Constance_123458,0123_C.wartmanii_Constance_123460,063_C.albellus_Thun_123845,0.0171934,0.0098932,0.0198384
0123458_C.macrophthalmus_Constance_123458,0123_C.wartmanii_Constance_123460,064_C.albellus_Thun_123902,0.0184938,0.00569061,0.0212269
0123458_C.macrophthalmus_Constance_123458,0123_C.wartmanii_Constance_123460,0999_C.steinmanni_Thun_124422,0.00622199,0.198278,0.00773457
0126_C.arenicolus_Constance_123462,0123458_C.macrophthalmus_Constance_123458,0129_C.alpinus_Thun_123148,0.0194437,0.00829362,0.0291846
0126_C.arenicolus_Constance_123462,0123458_C.macrophthalmus_Constance_123458,016_C.alpinus_Thun_123119,0.0180816,0.00604479,0.0196731
0126_C.arenicolus_Constance_123462,0123458_C.macrophthalmus_Constance_123458,017_C.alpinus_Thun_123232,0.0159029,0.0145759,0.0181507
0126_C.arenicolus_Constance_123462,0123458_C.macrophthalmus_Constance_123458,019_C.alpinus_Thun_124028,0.0208025,0.00474278,0.0234979
0126_C.arenicolus_Constance_123462,0123458_C.macrophthalmus_Constance_123458,021_C.fatioi_Thun_123669,0.0163772,0.0103506,0.018382
0126_C.arenicolus_Constance_123462,0123458_C.macrophthalmus_Constance_123458,022_C.fatioi_Thun_123690,0.0231269,0.00047232,0.026447
0126_C.arenicolus_Constance_123462,0123458_C.macrophthalmus_Constance_123458,023_C.fatioi_Thun_123693,0.0238593,0.000239897,0.0270999
0126_C.arenicolus_Constance_123462,0123458_C.macrophthalmus_Constance_123458,056_C.steinmanni_Thun_123130,0.02139,0.00348857,0.0221337
0126_C.arenicolus_Constance_123462,0123458_C.macrophthalmus_Constance_123458,058_C.steinmanni_Thun_123277,0.019466,0.00300091,0.0210072
0126_C.arenicolus_Constance_123462,0123458_C.macrophthalmus_Constance_123458,059_C.steinmanni_Thun_124020,0.0327828,6.80859e-06,0.0419411
0126_C.arenicolus_Constance_123462,0123458_C.macrophthalmus_Constance_123458,061_C.albellus_Thun_123578,0.0278216,0.000225984,0.0309484
0126_C.arenicolus_Constance_123462,0123458_C.macrophthalmus_Constance_123458,063_C.albellus_Thun_123845,0.023985,0.000711362,0.0263453
0126_C.arenicolus_Constance_123462,0123458_C.macrophthalmus_Constance_123458,064_C.albellus_Thun_123902,0.0217658,0.00225985,0.0238345
0126_C.arenicolus_Constance_123462,0123458_C.macrophthalmus_Constance_123458,0999_C.steinmanni_Thun_124422,0.0169829,0.00843848,0.0202287
0127_C.arenicolus_Constance_123463,0123458_C.macrophthalmus_Constance_123458,0129_C.alpinus_Thun_123148,0.026279,0.000623967,0.0395812
0127_C.arenicolus_Constance_123463,0123458_C.macrophthalmus_Constance_123458,016_C.alpinus_Thun_123119,0.0104464,0.0837552,0.0116249
0127_C.arenicolus_Constance_123463,0123458_C.macrophthalmus_Constance_123458,017_C.alpinus_Thun_123232,0.0125227,0.0460163,0.0145105
0127_C.arenicolus_Constance_123463,0123458_C.macrophthalmus_Constance_123458,019_C.alpinus_Thun_124028,0.0179211,0.0152856,0.0205678
0127_C.arenicolus_Constance_123463,0123458_C.macrophthalmus_Constance_123458,021_C.fatioi_Thun_123669,0.017616,0.00782734,0.0199506
0127_C.arenicolus_Constance_123463,0123458_C.macrophthalmus_Constance_123458,022_C.fatioi_Thun_123690,0.0223886,0.000809556,0.0259156
0127_C.arenicolus_Constance_123463,0123458_C.macrophthalmus_Constance_123458,023_C.fatioi_Thun_123693,0.0203077,0.00215759,0.0234124
0127_C.arenicolus_Constance_123463,0123458_C.macrophthalmus_Constance_123458,056_C.steinmanni_Thun_123130,0.0144704,0.0408242,0.0153113
0127_C.arenicolus_Constance_123463,0123458_C.macrophthalmus_Constance_123458,058_C.steinmanni_Thun_123277,0.00960838,0.104161,0.0106498
0127_C.arenicolus_Constance_123463,0123458_C.macrophthalmus_Constance_123458,059_C.steinmanni_Thun_124020,0.0331093,8.71609e-06,0.0428363
0127_C.arenicolus_Constance_123463,0123458_C.macrophthalmus_Constance_123458,061_C.albellus_Thun_123578,0.0270873,0.00034846,0.0304819
0127_C.arenicolus_Constance_123463,0123458_C.macrophthalmus_Constance_123458,063_C.albellus_Thun_123845,0.0123486,0.0570974,0.0139344
0127_C.arenicolus_Constance_123463,0123458_C.macrophthalmus_Constance_123458,064_C.albellus_Thun_123902,0.0215805,0.00345784,0.0239178
0127_C.arenicolus_Constance_123463,0123458_C.macrophthalmus_Constance_123458,0999_C.steinmanni_Thun_124422,0.0169826,0.0125676,0.0204897
0128_C.arenicolus_Constance_123475,0123458_C.macrophthalmus_Constance_123458,0129_C.alpinus_Thun_123148,0.0238073,8.18022e-05,0.0356404
0128_C.arenicolus_Constance_123475,0123458_C.macrophthalmus_Constance_123458,016_C.alpinus_Thun_123119,0.0202267,0.00209484,0.022061
0128_C.arenicolus_Constance_123475,0123458_C.macrophthalmus_Constance_123458,017_C.alpinus_Thun_123232,0.0248333,0.000129608,0.028181
0128_C.arenicolus_Constance_123475,0123458_C.macrophthalmus_Constance_123458,019_C.alpinus_Thun_124028,0.0225963,0.000666524,0.0255836
0128_C.arenicolus_Constance_123475,0123458_C.macrophthalmus_Constance_123458,021_C.fatioi_Thun_123669,0.017089,0.00332704,0.0192216
0128_C.arenicolus_Constance_123475,0123458_C.macrophthalmus_Constance_123458,022_C.fatioi_Thun_123690,0.0216418,0.000576391,0.0248826
0128_C.arenicolus_Constance_123475,0123458_C.macrophthalmus_Constance_123458,023_C.fatioi_Thun_123693,0.0262592,1.64084e-05,0.0298279
0128_C.arenicolus_Constance_123475,0123458_C.macrophthalmus_Constance_123458,056_C.steinmanni_Thun_123130,0.0247845,9.8049e-05,0.0256666
0128_C.arenicolus_Constance_123475,0123458_C.macrophthalmus_Constance_123458,058_C.steinmanni_Thun_123277,0.023072,0.000257413,0.0249455
0128_C.arenicolus_Constance_123475,0123458_C.macrophthalmus_Constance_123458,059_C.steinmanni_Thun_124020,0.0290553,1.12811e-05,0.0375462
0128_C.arenicolus_Constance_123475,0123458_C.macrophthalmus_Constance_123458,061_C.albellus_Thun_123578,0.0263471,2.97123e-05,0.0294396
0128_C.arenicolus_Constance_123475,0123458_C.macrophthalmus_Constance_123458,063_C.albellus_Thun_123845,0.0159596,0.00849322,0.0177314
0128_C.arenicolus_Constance_123475,0123458_C.macrophthalmus_Constance_123458,064_C.albellus_Thun_123902,0.0206869,0.00109656,0.0227374
0128_C.arenicolus_Constance_123475,0123458_C.macrophthalmus_Constance_123458,0999_C.steinmanni_Thun_124422,0.0229648,0.000300933,0.0272817
0131_C.wartmanii_Constance_123457,0123458_C.macrophthalmus_Constance_123458,0129_C.alpinus_Thun_123148,0.0170981,0.0238605,0.026518
0132_C.macrophthalmus_Constance_123471,0123458_C.macrophthalmus_Constance_123458,0129_C.alpinus_Thun_123148,0.00408404,0.300827,0.00624287
0132_C.macrophthalmus_Constance_123471,0123458_C.macrophthalmus_Constance_123458,012_C.acrinasus_Thun_123125,0.0113832,0.0679466,0.0176924
0123458_C.macrophthalmus_Constance_123458,0131_C.wartmanii_Constance_123457,016_C.alpinus_Thun_123119,0.00845558,0.139773,0.00970623
0123458_C.macrophthalmus_Constance_123458,0131_C.wartmanii_Constance_123457,017_C.alpinus_Thun_123232,0.0187669,0.00928276,0.0225164
0123458_C.macrophthalmus_Constance_123458,0131_C.wartmanii_Constance_123457,019_C.alpinus_Thun_124028,0.00509142,0.276449,0.00607087
0123458_C.macrophthalmus_Constance_123458,0131_C.wartmanii_Constance_123457,021_C.fatioi_Thun_123669,0.027179,0.000101853,0.0320972
0123458_C.macrophthalmus_Constance_123458,0131_C.wartmanii_Constance_123457,022_C.fatioi_Thun_123690,0.0236442,0.000820141,0.0287024
0123458_C.macrophthalmus_Constance_123458,0131_C.wartmanii_Constance_123457,023_C.fatioi_Thun_123693,0.0231286,0.00101485,0.027887
0123458_C.macrophthalmus_Constance_123458,0131_C.wartmanii_Constance_123457,056_C.steinmanni_Thun_123130,0.0193825,0.0135816,0.021214
0123458_C.macrophthalmus_Constance_123458,0131_C.wartmanii_Constance_123457,058_C.steinmanni_Thun_123277,0.0192059,0.00747507,0.0219106
0131_C.wartmanii_Constance_123457,0123458_C.macrophthalmus_Constance_123458,059_C.steinmanni_Thun_124020,0.0144333,0.0274332,0.0195073
0123458_C.macrophthalmus_Constance_123458,0131_C.wartmanii_Constance_123457,061_C.albellus_Thun_123578,0.0157968,0.0280109,0.0187197
0123458_C.macrophthalmus_Constance_123458,0131_C.wartmanii_Constance_123457,063_C.albellus_Thun_123845,0.0247806,0.00122571,0.0289141
0123458_C.macrophthalmus_Constance_123458,0131_C.wartmanii_Constance_123457,064_C.albellus_Thun_123902,0.0204509,0.00679016,0.0236913
0123458_C.macrophthalmus_Constance_123458,0131_C.wartmanii_Constance_123457,0999_C.steinmanni_Thun_124422,0.000748034,0.462341,0.000938238
0132_C.macrophthalmus_Constance_123471,0123458_C.macrophthalmus_Constance_123458,013_C.acrinasus_Thun_123147,0.0155608,0.0138587,0.0248693
0132_C.macrophthalmus_Constance_123471,0123458_C.macrophthalmus_Constance_123458,014_C.acrinasus_Thun_123203,0.00732459,0.168579,0.0123105
0132_C.macrophthalmus_Constance_123471,0123458_C.macrophthalmus_Constance_123458,016_C.alpinus_Thun_123119,0.00720344,0.152519,0.00788632
0132_C.macrophthalmus_Constance_123471,0123458_C.macrophthalmus_Constance_123458,017_C.alpinus_Thun_123232,0.00132617,0.427046,0.00153158
0132_C.macrophthalmus_Constance_123471,0123458_C.macrophthalmus_Constance_123458,019_C.alpinus_Thun_124028,0.00970425,0.12208,0.011034
0132_C.macrophthalmus_Constance_123471,0123458_C.macrophthalmus_Constance_123458,021_C.fatioi_Thun_123669,0.00873608,0.101637,0.00983757
0132_C.macrophthalmus_Constance_123471,0123458_C.macrophthalmus_Constance_123458,022_C.fatioi_Thun_123690,0.0152743,0.0125197,0.0175153
0132_C.macrophthalmus_Constance_123471,0123458_C.macrophthalmus_Constance_123458,023_C.fatioi_Thun_123693,0.0108277,0.0621676,0.0123873
0132_C.macrophthalmus_Constance_123471,0123458_C.macrophthalmus_Constance_123458,056_C.steinmanni_Thun_123130,0.00749256,0.159178,0.00782914
0132_C.macrophthalmus_Constance_123471,0123458_C.macrophthalmus_Constance_123458,058_C.steinmanni_Thun_123277,0.0120193,0.0459519,0.0130184
0132_C.macrophthalmus_Constance_123471,0123458_C.macrophthalmus_Constance_123458,059_C.steinmanni_Thun_124020,0.017128,0.00833813,0.0222609
0132_C.macrophthalmus_Constance_123471,0123458_C.macrophthalmus_Constance_123458,061_C.albellus_Thun_123578,0.0109012,0.0805675,0.0122876
0132_C.macrophthalmus_Constance_123471,0123458_C.macrophthalmus_Constance_123458,063_C.albellus_Thun_123845,0.00418103,0.296737,0.00466436
0132_C.macrophthalmus_Constance_123471,0123458_C.macrophthalmus_Constance_123458,064_C.albellus_Thun_123902,0.0102258,0.100836,0.0112597
0132_C.macrophthalmus_Constance_123471,0123458_C.macrophthalmus_Constance_123458,0999_C.steinmanni_Thun_124422,0.0111273,0.0531392,0.0132835
0123_C.wartmanii_Constance_123460,0123470_C.macrophthalmus_Constance_123470,0129_C.alpinus_Thun_123148,0.00900562,0.132182,0.0139338
0123470_C.macrophthalmus_Constance_123470,0123_C.wartmanii_Constance_123460,016_C.alpinus_Thun_123119,0.0194935,0.00707985,0.021879
0123470_C.macrophthalmus_Constance_123470,0123_C.wartmanii_Constance_123460,017_C.alpinus_Thun_123232,0.0121152,0.0590131,0.0142854
0123470_C.macrophthalmus_Constance_123470,0123_C.wartmanii_Constance_123460,019_C.alpinus_Thun_124028,0.0185869,0.0176469,0.021556
0123470_C.macrophthalmus_Constance_123470,0123_C.wartmanii_Constance_123460,021_C.fatioi_Thun_123669,0.0171416,0.00933511,0.0200126
0123470_C.macrophthalmus_Constance_123470,0123_C.wartmanii_Constance_123460,022_C.fatioi_Thun_123690,0.0228409,0.00130232,0.0274004
0123470_C.macrophthalmus_Constance_123470,0123_C.wartmanii_Constance_123460,023_C.fatioi_Thun_123693,0.0174684,0.00735369,0.0207303
0123470_C.macrophthalmus_Constance_123470,0123_C.wartmanii_Constance_123460,056_C.steinmanni_Thun_123130,0.0235019,0.00232949,0.0251807
0123470_C.macrophthalmus_Constance_123470,0123_C.wartmanii_Constance_123460,058_C.steinmanni_Thun_123277,0.0304,2.41644e-05,0.0340015
0123470_C.macrophthalmus_Constance_123470,0123_C.wartmanii_Constance_123460,059_C.steinmanni_Thun_124020,0.00703399,0.175971,0.0093516
0123470_C.macrophthalmus_Constance_123470,0123_C.wartmanii_Constance_123460,061_C.albellus_Thun_123578,0.0111045,0.0976136,0.0129453
0123470_C.macrophthalmus_Constance_123470,0123_C.wartmanii_Constance_123460,063_C.albellus_Thun_123845,0.0138188,0.0448201,0.0159801
0123470_C.macrophthalmus_Constance_123470,0123_C.wartmanii_Constance_123460,064_C.albellus_Thun_123902,0.0141361,0.0479463,0.016216
0123470_C.macrophthalmus_Constance_123470,0123_C.wartmanii_Constance_123460,0999_C.steinmanni_Thun_124422,0.00350923,0.328034,0.0043648
0126_C.arenicolus_Constance_123462,0123470_C.macrophthalmus_Constance_123470,0129_C.alpinus_Thun_123148,0.0174435,0.019292,0.0267628
0126_C.arenicolus_Constance_123462,0123470_C.macrophthalmus_Constance_123470,016_C.alpinus_Thun_123119,0.00923288,0.136056,0.0102828
0126_C.arenicolus_Constance_123462,0123470_C.macrophthalmus_Constance_123470,017_C.alpinus_Thun_123232,0.0117874,0.0769958,0.0137658
0126_C.arenicolus_Constance_123462,0123470_C.macrophthalmus_Constance_123470,019_C.alpinus_Thun_124028,0.00902021,0.132657,0.0103964
0126_C.arenicolus_Constance_123462,0123470_C.macrophthalmus_Constance_123470,021_C.fatioi_Thun_123669,0.017674,0.0181632,0.020321
0126_C.arenicolus_Constance_123462,0123470_C.macrophthalmus_Constance_123470,022_C.fatioi_Thun_123690,0.0215686,0.00451675,0.0252271
0126_C.arenicolus_Constance_123462,0123470_C.macrophthalmus_Constance_123470,023_C.fatioi_Thun_123693,0.0191536,0.00735042,0.0222758
0126_C.arenicolus_Constance_123462,0123470_C.macrophthalmus_Constance_123470,056_C.steinmanni_Thun_123130,0.0140037,0.0415429,0.0148306
0126_C.arenicolus_Constance_123462,0123470_C.macrophthalmus_Constance_123470,058_C.steinmanni_Thun_123277,0.012315,0.0659558,0.0136041
0126_C.arenicolus_Constance_123462,0123470_C.macrophthalmus_Constance_123470,059_C.steinmanni_Thun_124020,0.0155744,0.0261993,0.0203821
0126_C.arenicolus_Constance_123462,0123470_C.macrophthalmus_Constance_123470,061_C.albellus_Thun_123578,0.0249828,0.00107917,0.0284134
0126_C.arenicolus_Constance_123462,0123470_C.macrophthalmus_Constance_123470,063_C.albellus_Thun_123845,0.0268444,0.000358406,0.0301589
0126_C.arenicolus_Constance_123462,0123470_C.macrophthalmus_Constance_123470,064_C.albellus_Thun_123902,0.0256906,0.00066276,0.0287406
0126_C.arenicolus_Constance_123462,0123470_C.macrophthalmus_Constance_123470,0999_C.steinmanni_Thun_124422,0.0192781,0.00856051,0.0235294
0127_C.arenicolus_Constance_123463,0123470_C.macrophthalmus_Constance_123470,0129_C.alpinus_Thun_123148,0.0244088,0.00091538,0.0372165
0127_C.arenicolus_Constance_123463,0123470_C.macrophthalmus_Constance_123470,016_C.alpinus_Thun_123119,0.00189806,0.409368,0.00213682
0127_C.arenicolus_Constance_123463,0123470_C.macrophthalmus_Constance_123470,017_C.alpinus_Thun_123232,0.00860458,0.148329,0.0101127
0127_C.arenicolus_Constance_123463,0123470_C.macrophthalmus_Constance_123470,019_C.alpinus_Thun_124028,0.0064367,0.214926,0.00747553
0127_C.arenicolus_Constance_123463,0123470_C.macrophthalmus_Constance_123470,021_C.fatioi_Thun_123669,0.0190833,0.00702714,0.0218873
0127_C.arenicolus_Constance_123463,0123470_C.macrophthalmus_Constance_123470,022_C.fatioi_Thun_123690,0.0210818,0.00293247,0.024728
0127_C.arenicolus_Constance_123463,0123470_C.macrophthalmus_Constance_123470,023_C.fatioi_Thun_123693,0.0159054,0.0170101,0.0185461
0127_C.arenicolus_Constance_123463,0123470_C.macrophthalmus_Constance_123470,056_C.steinmanni_Thun_123130,0.00743344,0.180524,0.00797881
0127_C.arenicolus_Constance_123463,0123470_C.macrophthalmus_Constance_123470,058_C.steinmanni_Thun_123277,0.00279208,0.361609,0.00313192
0127_C.arenicolus_Constance_123463,0123470_C.macrophthalmus_Constance_123470,059_C.steinmanni_Thun_124020,0.0162395,0.0196967,0.0212674
0127_C.arenicolus_Constance_123463,0123470_C.macrophthalmus_Constance_123470,061_C.albellus_Thun_123578,0.0245203,0.000988382,0.0279347
0127_C.arenicolus_Constance_123463,0123470_C.macrophthalmus_Constance_123470,063_C.albellus_Thun_123845,0.0155827,0.0250784,0.0178021
0127_C.arenicolus_Constance_123463,0123470_C.macrophthalmus_Constance_123470,064_C.albellus_Thun_123902,0.0257221,0.000475882,0.028867
0127_C.arenicolus_Constance_123463,0123470_C.macrophthalmus_Constance_123470,0999_C.steinmanni_Thun_124422,0.0194447,0.00881056,0.0237943
0128_C.arenicolus_Constance_123475,0123470_C.macrophthalmus_Constance_123470,0129_C.alpinus_Thun_123148,0.021759,0.00292068,0.033189
0128_C.arenicolus_Constance_123475,0123470_C.macrophthalmus_Constance_123470,016_C.alpinus_Thun_123119,0.0114016,0.0698997,0.0126975
0128_C.arenicolus_Constance_123475,0123470_C.macrophthalmus_Constance_123470,017_C.alpinus_Thun_123232,0.0205805,0.00436359,0.0238278
0128_C.arenicolus_Constance_123475,0123470_C.macrophthalmus_Constance_123470,019_C.alpinus_Thun_124028,0.0108758,0.0983466,0.0125414
0128_C.arenicolus_Constance_123475,0123470_C.macrophthalmus_Constance_123470,021_C.fatioi_Thun_123669,0.0184007,0.00817944,0.0211672
0128_C.arenicolus_Constance_123475,0123470_C.macrophthalmus_Constance_123470,022_C.fatioi_Thun_123690,0.0201244,0.00356229,0.0236552
0128_C.arenicolus_Constance_123475,0123470_C.macrophthalmus_Constance_123470,023_C.fatioi_Thun_123693,0.0215303,0.00155682,0.0250159
0128_C.arenicolus_Constance_123475,0123470_C.macrophthalmus_Constance_123470,056_C.steinmanni_Thun_123130,0.0173938,0.022809,0.0184402
0128_C.arenicolus_Constance_123475,0123470_C.macrophthalmus_Constance_123470,058_C.steinmanni_Thun_123277,0.0158721,0.0218736,0.0175057
0128_C.arenicolus_Constance_123475,0123470_C.macrophthalmus_Constance_123470,059_C.steinmanni_Thun_124020,0.0120252,0.0522013,0.0158307
0128_C.arenicolus_Constance_123475,0123470_C.macrophthalmus_Constance_123470,061_C.albellus_Thun_123578,0.023561,0.0020235,0.0268893
0128_C.arenicolus_Constance_123475,0123470_C.macrophthalmus_Constance_123470,063_C.albellus_Thun_123845,0.0190383,0.00912293,0.0216371
0128_C.arenicolus_Constance_123475,0123470_C.macrophthalmus_Constance_123470,064_C.albellus_Thun_123902,0.0246486,0.00158135,0.0277183
0128_C.arenicolus_Constance_123475,0123470_C.macrophthalmus_Constance_123470,0999_C.steinmanni_Thun_124422,0.0251724,0.000895217,0.030573
0131_C.wartmanii_Constance_123457,0123470_C.macrophthalmus_Constance_123470,0129_C.alpinus_Thun_123148,0.0155687,0.0326111,0.0240939
0132_C.macrophthalmus_Constance_123471,0123470_C.macrophthalmus_Constance_123470,0129_C.alpinus_Thun_123148,0.00246833,0.382579,0.00381364
0132_C.macrophthalmus_Constance_123471,0123470_C.macrophthalmus_Constance_123470,012_C.acrinasus_Thun_123125,0.00350785,0.338591,0.00551809
0123470_C.macrophthalmus_Constance_123470,0131_C.wartmanii_Constance_123457,016_C.alpinus_Thun_123119,0.0168507,0.0200381,0.019106
0123470_C.macrophthalmus_Constance_123470,0131_C.wartmanii_Constance_123457,017_C.alpinus_Thun_123232,0.0224923,0.00436592,0.0268284
0123470_C.macrophthalmus_Constance_123470,0131_C.wartmanii_Constance_123457,019_C.alpinus_Thun_124028,0.0163327,0.020303,0.0191818
0123470_C.macrophthalmus_Constance_123470,0131_C.wartmanii_Constance_123457,021_C.fatioi_Thun_123669,0.0255022,0.000667575,0.030167
0123470_C.macrophthalmus_Constance_123470,0131_C.wartmanii_Constance_123457,022_C.fatioi_Thun_123690,0.0247132,0.00121758,0.0299386
0123470_C.macrophthalmus_Constance_123470,0131_C.wartmanii_Constance_123457,023_C.fatioi_Thun_123693,0.0273093,0.000323644,0.0327339
0123470_C.macrophthalmus_Constance_123470,0131_C.wartmanii_Constance_123457,056_C.steinmanni_Thun_123130,0.0261706,0.000344942,0.0284445
0123470_C.macrophthalmus_Constance_123470,0131_C.wartmanii_Constance_123457,058_C.steinmanni_Thun_123277,0.0259126,0.000789903,0.0292916
0123470_C.macrophthalmus_Constance_123470,0131_C.wartmanii_Constance_123457,059_C.steinmanni_Thun_124020,0.00196166,0.403174,0.0026345
0123470_C.macrophthalmus_Constance_123470,0131_C.wartmanii_Constance_123457,061_C.albellus_Thun_123578,0.0180347,0.0114728,0.0213267
0123470_C.macrophthalmus_Constance_123470,0131_C.wartmanii_Constance_123457,063_C.albellus_Thun_123845,0.0214337,0.0026956,0.0250453
0123470_C.macrophthalmus_Constance_123470,0131_C.wartmanii_Constance_123457,064_C.albellus_Thun_123902,0.0161049,0.0222179,0.0187094
0131_C.wartmanii_Constance_123457,0123470_C.macrophthalmus_Constance_123470,0999_C.steinmanni_Thun_124422,0.00193784,0.406314,0.00243256
0132_C.macrophthalmus_Constance_123471,0123470_C.macrophthalmus_Constance_123470,013_C.acrinasus_Thun_123147,0.000574502,0.470616,0.000925437
0123470_C.macrophthalmus_Constance_123470,0132_C.macrophthalmus_Constance_123471,014_C.acrinasus_Thun_123203,3.29774e-05,0.498338,5.59902e-05
0123470_C.macrophthalmus_Constance_123470,0132_C.macrophthalmus_Constance_123471,016_C.alpinus_Thun_123119,0.00147192,0.420874,0.00162644
0123470_C.macrophthalmus_Constance_123470,0132_C.macrophthalmus_Constance_123471,017_C.alpinus_Thun_123232,0.00251407,0.37086,0.00292373
0123470_C.macrophthalmus_Constance_123470,0132_C.macrophthalmus_Constance_123471,019_C.alpinus_Thun_124028,0.00191186,0.410507,0.0021862
0132_C.macrophthalmus_Constance_123471,0123470_C.macrophthalmus_Constance_123470,021_C.fatioi_Thun_123669,0.0103671,0.0773765,0.0117975
0132_C.macrophthalmus_Constance_123471,0123470_C.macrophthalmus_Constance_123470,022_C.fatioi_Thun_123690,0.0140726,0.0247963,0.0162962
0132_C.macrophthalmus_Constance_123471,0123470_C.macrophthalmus_Constance_123470,023_C.fatioi_Thun_123693,0.0064597,0.180442,0.00748784
0132_C.macrophthalmus_Constance_123471,0123470_C.macrophthalmus_Constance_123470,056_C.steinmanni_Thun_123130,0.000414214,0.47999,0.000437104
0132_C.macrophthalmus_Constance_123471,0123470_C.macrophthalmus_Constance_123470,058_C.steinmanni_Thun_123277,0.0050484,0.242722,0.00552124
0132_C.macrophthalmus_Constance_123471,0123470_C.macrophthalmus_Constance_123470,059_C.steinmanni_Thun_124020,0.000150882,0.491697,0.000198093
0132_C.macrophthalmus_Constance_123471,0123470_C.macrophthalmus_Constance_123470,061_C.albellus_Thun_123578,0.00852019,0.148853,0.00968329
0132_C.macrophthalmus_Constance_123471,0123470_C.macrophthalmus_Constance_123470,063_C.albellus_Thun_123845,0.00760916,0.175138,0.00857092
0132_C.macrophthalmus_Constance_123471,0123470_C.macrophthalmus_Constance_123470,064_C.albellus_Thun_123902,0.0146107,0.0414982,0.0162756
0132_C.macrophthalmus_Constance_123471,0123470_C.macrophthalmus_Constance_123470,0999_C.steinmanni_Thun_124422,0.0137678,0.0386868,0.0166006
0126_C.arenicolus_Constance_123462,0123_C.wartmanii_Constance_123460,0129_C.alpinus_Thun_123148,0.00830601,0.170504,0.0130541
0123_C.wartmanii_Constance_123460,0126_C.arenicolus_Constance_123462,014_C.acrinasus_Thun_123203,0.000482843,0.477244,0.000816333
0126_C.arenicolus_Constance_123462,0123_C.wartmanii_Constance_123460,016_C.alpinus_Thun_123119,0.0279363,0.000269489,0.0319376
0126_C.arenicolus_Constance_123462,0123_C.wartmanii_Constance_123460,017_C.alpinus_Thun_123232,0.0232506,0.00203001,0.0278544
0126_C.arenicolus_Constance_123462,0123_C.wartmanii_Constance_123460,019_C.alpinus_Thun_124028,0.0268075,0.00127522,0.031737
0126_C.arenicolus_Constance_123462,0123_C.wartmanii_Constance_123460,021_C.fatioi_Thun_123669,0.0338715,3.69876e-06,0.0399373
0126_C.arenicolus_Constance_123462,0123_C.wartmanii_Constance_123460,022_C.fatioi_Thun_123690,0.0431635,1.25146e-08,0.051881
0126_C.arenicolus_Constance_123462,0123_C.wartmanii_Constance_123460,023_C.fatioi_Thun_123693,0.0356373,1.18563e-06,0.0424284
0126_C.arenicolus_Constance_123462,0123_C.wartmanii_Constance_123460,056_C.steinmanni_Thun_123130,0.0364721,6.07417e-06,0.0397088
0126_C.arenicolus_Constance_123462,0123_C.wartmanii_Constance_123460,058_C.steinmanni_Thun_123277,0.0414076,3.43093e-08,0.0471423
0126_C.arenicolus_Constance_123462,0123_C.wartmanii_Constance_123460,059_C.steinmanni_Thun_124020,0.0220181,0.00185473,0.0294946
0126_C.arenicolus_Constance_123462,0123_C.wartmanii_Constance_123460,061_C.albellus_Thun_123578,0.0351668,3.0841e-05,0.0409751
0126_C.arenicolus_Constance_123462,0123_C.wartmanii_Constance_123460,063_C.albellus_Thun_123845,0.0395484,1.28719e-06,0.0456175
0126_C.arenicolus_Constance_123462,0123_C.wartmanii_Constance_123460,064_C.albellus_Thun_123902,0.0387795,2.3736e-06,0.0445958
0126_C.arenicolus_Constance_123462,0123_C.wartmanii_Constance_123460,0999_C.steinmanni_Thun_124422,0.0222121,0.00214065,0.0277525
0127_C.arenicolus_Constance_123463,0123_C.wartmanii_Constance_123460,012_C.acrinasus_Thun_123125,0.00159633,0.427425,0.00255016
0123_C.wartmanii_Constance_123460,0127_C.arenicolus_Constance_123463,013_C.acrinasus_Thun_123147,5.94456e-06,0.499721,9.69459e-06
0127_C.arenicolus_Constance_123463,0123_C.wartmanii_Constance_123460,014_C.acrinasus_Thun_123203,0.00455336,0.286661,0.00775654
0127_C.arenicolus_Constance_123463,0123_C.wartmanii_Constance_123460,016_C.alpinus_Thun_123119,0.0205093,0.00557158,0.023972
0127_C.arenicolus_Constance_123463,0123_C.wartmanii_Constance_123460,017_C.alpinus_Thun_123232,0.019955,0.00579107,0.0242364
0127_C.arenicolus_Constance_123463,0123_C.wartmanii_Constance_123460,019_C.alpinus_Thun_124028,0.0240048,0.0032045,0.0288796
0127_C.arenicolus_Constance_123463,0123_C.wartmanii_Constance_123460,021_C.fatioi_Thun_123669,0.0348536,8.23013e-07,0.0414786
0127_C.arenicolus_Constance_123463,0123_C.wartmanii_Constance_123460,022_C.fatioi_Thun_123690,0.0423144,6.61632e-09,0.0513664
0127_C.arenicolus_Constance_123463,0123_C.wartmanii_Constance_123460,023_C.fatioi_Thun_123693,0.0321302,6.42242e-06,0.0388532
0127_C.arenicolus_Constance_123463,0123_C.wartmanii_Constance_123460,056_C.steinmanni_Thun_123130,0.0297153,0.00022355,0.0329951
0127_C.arenicolus_Constance_123463,0123_C.wartmanii_Constance_123460,058_C.steinmanni_Thun_123277,0.0317853,1.45628e-05,0.0370274
0127_C.arenicolus_Constance_123463,0123_C.wartmanii_Constance_123460,059_C.steinmanni_Thun_124020,0.0224567,0.00130617,0.0304069
0127_C.arenicolus_Constance_123463,0123_C.wartmanii_Constance_123460,061_C.albellus_Thun_123578,0.034365,2.48522e-05,0.0405468
0127_C.arenicolus_Constance_123463,0123_C.wartmanii_Constance_123460,063_C.albellus_Thun_123845,0.0283208,0.000324283,0.0334653
0127_C.arenicolus_Constance_123463,0123_C.wartmanii_Constance_123460,064_C.albellus_Thun_123902,0.0384213,2.43235e-06,0.0446649
0127_C.arenicolus_Constance_123463,0123_C.wartmanii_Constance_123460,0999_C.steinmanni_Thun_124422,0.0221889,0.00321201,0.0280503
0128_C.arenicolus_Constance_123475,0123_C.wartmanii_Constance_123460,0129_C.alpinus_Thun_123148,0.0124911,0.0435779,0.0196373
0128_C.arenicolus_Constance_123475,0123_C.wartmanii_Constance_123460,013_C.acrinasus_Thun_123147,0.000461027,0.475052,0.000745242
0128_C.arenicolus_Constance_123475,0123_C.wartmanii_Constance_123460,014_C.acrinasus_Thun_123203,0.0043428,0.270979,0.00734125
0128_C.arenicolus_Constance_123475,0123_C.wartmanii_Constance_123460,016_C.alpinus_Thun_123119,0.0298837,3.17347e-05,0.0343144
0128_C.arenicolus_Constance_123475,0123_C.wartmanii_Constance_123460,017_C.alpinus_Thun_123232,0.0317145,1.60467e-05,0.0378074
0128_C.arenicolus_Constance_123475,0123_C.wartmanii_Constance_123460,019_C.alpinus_Thun_124028,0.0284565,0.000294257,0.0338207
0128_C.arenicolus_Constance_123475,0123_C.wartmanii_Constance_123460,021_C.fatioi_Thun_123669,0.034435,3.07222e-07,0.04078
0128_C.arenicolus_Constance_123475,0123_C.wartmanii_Constance_123460,022_C.fatioi_Thun_123690,0.041636,1.00194e-08,0.05033
0128_C.arenicolus_Constance_123475,0123_C.wartmanii_Constance_123460,023_C.fatioi_Thun_123693,0.0378289,1.90788e-08,0.045225
0128_C.arenicolus_Constance_123475,0123_C.wartmanii_Constance_123460,056_C.steinmanni_Thun_123130,0.0396,9.88994e-08,0.0431716
0128_C.arenicolus_Constance_123475,0123_C.wartmanii_Constance_123460,058_C.steinmanni_Thun_123277,0.0447274,4.11377e-10,0.0509486
0128_C.arenicolus_Constance_123475,0123_C.wartmanii_Constance_123460,059_C.steinmanni_Thun_124020,0.0184781,0.00623983,0.0250274
0128_C.arenicolus_Constance_123475,0123_C.wartmanii_Constance_123460,061_C.albellus_Thun_123578,0.0336307,4.11609e-06,0.0395222
0128_C.arenicolus_Constance_123475,0123_C.wartmanii_Constance_123460,063_C.albellus_Thun_123845,0.0318279,9.43551e-06,0.0371988
0128_C.arenicolus_Constance_123475,0123_C.wartmanii_Constance_123460,064_C.albellus_Thun_123902,0.0376308,1.49598e-07,0.0434657
0128_C.arenicolus_Constance_123475,0123_C.wartmanii_Constance_123460,0999_C.steinmanni_Thun_124422,0.0279184,8.15579e-05,0.0348174
0131_C.wartmanii_Constance_123457,0123_C.wartmanii_Constance_123460,0129_C.alpinus_Thun_123148,0.00699118,0.206859,0.0103145
0123_C.wartmanii_Constance_123460,0132_C.macrophthalmus_Constance_123471,0129_C.alpinus_Thun_123148,0.00653664,0.206213,0.0101604
0131_C.wartmanii_Constance_123457,0123_C.wartmanii_Constance_123460,012_C.acrinasus_Thun_123125,0.00905325,0.143978,0.0132024
0123_C.wartmanii_Constance_123460,0131_C.wartmanii_Constance_123457,013_C.acrinasus_Thun_123147,0.00598606,0.231983,0.00901326
0131_C.wartmanii_Constance_123457,0123_C.wartmanii_Constance_123460,014_C.acrinasus_Thun_123203,0.0142325,0.0378583,0.0220255
0131_C.wartmanii_Constance_123457,0123_C.wartmanii_Constance_123460,016_C.alpinus_Thun_123119,0.00255244,0.372142,0.00282419
0123_C.wartmanii_Constance_123460,0131_C.wartmanii_Constance_123457,017_C.alpinus_Thun_123232,0.0110532,0.0718453,0.0127806
0131_C.wartmanii_Constance_123457,0123_C.wartmanii_Constance_123460,019_C.alpinus_Thun_124028,0.00211057,0.403735,0.00241664
0123_C.wartmanii_Constance_123460,0131_C.wartmanii_Constance_123457,021_C.fatioi_Thun_123669,0.00894391,0.113293,0.0103455
0123_C.wartmanii_Constance_123460,0131_C.wartmanii_Constance_123457,022_C.fatioi_Thun_123690,0.00222484,0.384504,0.00265682
0123_C.wartmanii_Constance_123460,0131_C.wartmanii_Constance_123457,023_C.fatioi_Thun_123693,0.0104737,0.068392,0.0122821
0123_C.wartmanii_Constance_123460,0131_C.wartmanii_Constance_123457,056_C.steinmanni_Thun_123130,0.0031154,0.355991,0.00332565
0131_C.wartmanii_Constance_123457,0123_C.wartmanii_Constance_123460,058_C.steinmanni_Thun_123277,0.00433553,0.285067,0.00484769
0131_C.wartmanii_Constance_123457,0123_C.wartmanii_Constance_123460,059_C.steinmanni_Thun_124020,0.00523439,0.240614,0.00672555
0123_C.wartmanii_Constance_123460,0131_C.wartmanii_Constance_123457,061_C.albellus_Thun_123578,0.00738479,0.193334,0.00845872
0123_C.wartmanii_Constance_123460,0131_C.wartmanii_Constance_123457,063_C.albellus_Thun_123845,0.00812772,0.15758,0.0092458
0123_C.wartmanii_Constance_123460,0131_C.wartmanii_Constance_123457,064_C.albellus_Thun_123902,0.00223402,0.398952,0.00253103
0131_C.wartmanii_Constance_123457,0123_C.wartmanii_Constance_123460,0999_C.steinmanni_Thun_124422,0.00566882,0.234597,0.00678357
0132_C.macrophthalmus_Constance_123471,0123_C.wartmanii_Constance_123460,016_C.alpinus_Thun_123119,0.0179984,0.00787196,0.0202565
0132_C.macrophthalmus_Constance_123471,0123_C.wartmanii_Constance_123460,017_C.alpinus_Thun_123232,0.00960342,0.100394,0.0113986
0132_C.macrophthalmus_Constance_123471,0123_C.wartmanii_Constance_123460,019_C.alpinus_Thun_124028,0.0166312,0.0242225,0.019421
0132_C.macrophthalmus_Constance_123471,0123_C.wartmanii_Constance_123460,021_C.fatioi_Thun_123669,0.0272427,3.96474e-05,0.0315588
0132_C.macrophthalmus_Constance_123471,0123_C.wartmanii_Constance_123460,022_C.fatioi_Thun_123690,0.0365998,6.06406e-08,0.04328
0132_C.macrophthalmus_Constance_123471,0123_C.wartmanii_Constance_123460,023_C.fatioi_Thun_123693,0.0238093,0.000263463,0.0280332
0132_C.macrophthalmus_Constance_123471,0123_C.wartmanii_Constance_123460,056_C.steinmanni_Thun_123130,0.0238458,0.00113384,0.0256587
0132_C.macrophthalmus_Constance_123471,0123_C.wartmanii_Constance_123460,058_C.steinmanni_Thun_123277,0.0351925,2.82297e-07,0.0393294
0132_C.macrophthalmus_Constance_123471,0123_C.wartmanii_Constance_123460,059_C.steinmanni_Thun_124020,0.00715627,0.155567,0.00953627
0132_C.macrophthalmus_Constance_123471,0123_C.wartmanii_Constance_123460,061_C.albellus_Thun_123578,0.0194237,0.0103347,0.0225049
0132_C.macrophthalmus_Constance_123471,0123_C.wartmanii_Constance_123460,063_C.albellus_Thun_123845,0.0212397,0.00427402,0.0244554
0132_C.macrophthalmus_Constance_123471,0123_C.wartmanii_Constance_123460,064_C.albellus_Thun_123902,0.028469,0.000243528,0.0322118
0132_C.macrophthalmus_Constance_123471,0123_C.wartmanii_Constance_123460,0999_C.steinmanni_Thun_124422,0.0170706,0.0105371,0.0208893
0127_C.arenicolus_Constance_123463,0126_C.arenicolus_Constance_123462,0129_C.alpinus_Thun_123148,0.00705636,0.169285,0.0107009
0127_C.arenicolus_Constance_123463,0126_C.arenicolus_Constance_123462,012_C.acrinasus_Thun_123125,0.00529334,0.233668,0.00815417
0127_C.arenicolus_Constance_123463,0126_C.arenicolus_Constance_123462,013_C.acrinasus_Thun_123147,0.0104757,0.0817341,0.0164789
0127_C.arenicolus_Constance_123463,0126_C.arenicolus_Constance_123462,014_C.acrinasus_Thun_123203,0.00522035,0.236866,0.00855786
0126_C.arenicolus_Constance_123462,0127_C.arenicolus_Constance_123463,016_C.alpinus_Thun_123119,0.00735294,0.162301,0.00817278
0126_C.arenicolus_Constance_123462,0127_C.arenicolus_Constance_123463,017_C.alpinus_Thun_123232,0.00316042,0.33178,0.00368186
0126_C.arenicolus_Constance_123462,0127_C.arenicolus_Constance_123463,019_C.alpinus_Thun_124028,0.00255475,0.365873,0.00294439
0127_C.arenicolus_Constance_123463,0126_C.arenicolus_Constance_123462,021_C.fatioi_Thun_123669,0.00142052,0.422029,0.00162345
0126_C.arenicolus_Constance_123462,0127_C.arenicolus_Constance_123463,022_C.fatioi_Thun_123690,0.000450939,0.473222,0.000525224
0126_C.arenicolus_Constance_123462,0127_C.arenicolus_Constance_123463,023_C.fatioi_Thun_123693,0.00325158,0.324416,0.00375745
0126_C.arenicolus_Constance_123462,0127_C.arenicolus_Constance_123463,056_C.steinmanni_Thun_123130,0.00654968,0.190274,0.00692337
0126_C.arenicolus_Constance_123462,0127_C.arenicolus_Constance_123463,058_C.steinmanni_Thun_123277,0.00949451,0.091337,0.010487
0127_C.arenicolus_Constance_123463,0126_C.arenicolus_Constance_123462,059_C.steinmanni_Thun_124020,0.000693115,0.461971,0.000900675
0126_C.arenicolus_Constance_123462,0127_C.arenicolus_Constance_123463,061_C.albellus_Thun_123578,0.00040666,0.478508,0.00045967
0126_C.arenicolus_Constance_123462,0127_C.arenicolus_Constance_123463,063_C.albellus_Thun_123845,0.0112346,0.0585871,0.0125772
0127_C.arenicolus_Constance_123463,0126_C.arenicolus_Constance_123462,064_C.albellus_Thun_123902,8.26627e-05,0.495495,9.20468e-05
0127_C.arenicolus_Constance_123463,0126_C.arenicolus_Constance_123462,0999_C.steinmanni_Thun_124422,0.000224508,0.487955,0.000272763
0128_C.arenicolus_Constance_123475,0126_C.arenicolus_Constance_123462,0129_C.alpinus_Thun_123148,0.00440677,0.293864,0.00664881
0128_C.arenicolus_Constance_123475,0126_C.arenicolus_Constance_123462,012_C.acrinasus_Thun_123125,0.00202505,0.397218,0.00311186
0128_C.arenicolus_Constance_123475,0126_C.arenicolus_Constance_123462,013_C.acrinasus_Thun_123147,0.0110361,0.0700293,0.0172043
0128_C.arenicolus_Constance_123475,0126_C.arenicolus_Constance_123462,014_C.acrinasus_Thun_123203,0.00500577,0.252214,0.00813637
0128_C.arenicolus_Constance_123475,0126_C.arenicolus_Constance_123462,016_C.alpinus_Thun_123119,0.00221249,0.384771,0.00242691
0128_C.arenicolus_Constance_123475,0126_C.arenicolus_Constance_123462,017_C.alpinus_Thun_123232,0.00892883,0.109131,0.0102013
0128_C.arenicolus_Constance_123475,0126_C.arenicolus_Constance_123462,019_C.alpinus_Thun_124028,0.00190681,0.39995,0.00216711
0128_C.arenicolus_Constance_123475,0126_C.arenicolus_Constance_123462,021_C.fatioi_Thun_123669,0.000772167,0.456762,0.000875208
0126_C.arenicolus_Constance_123462,0128_C.arenicolus_Constance_123475,022_C.fatioi_Thun_123690,0.00138858,0.423617,0.00160241
0128_C.arenicolus_Constance_123475,0126_C.arenicolus_Constance_123462,023_C.fatioi_Thun_123693,0.00246003,0.361602,0.00281067
0128_C.arenicolus_Constance_123475,0126_C.arenicolus_Constance_123462,056_C.steinmanni_Thun_123130,0.00348196,0.330421,0.00363102
0128_C.arenicolus_Constance_123475,0126_C.arenicolus_Constance_123462,058_C.steinmanni_Thun_123277,0.00364691,0.310482,0.00397547
0126_C.arenicolus_Constance_123462,0128_C.arenicolus_Constance_123475,059_C.steinmanni_Thun_124020,0.00357042,0.307714,0.00462448
0126_C.arenicolus_Constance_123462,0128_C.arenicolus_Constance_123475,061_C.albellus_Thun_123578,0.00136949,0.423494,0.0015351
0126_C.arenicolus_Constance_123462,0128_C.arenicolus_Constance_123475,063_C.albellus_Thun_123845,0.00790199,0.138332,0.00875067
0126_C.arenicolus_Constance_123462,0128_C.arenicolus_Constance_123475,064_C.albellus_Thun_123902,0.00102657,0.443205,0.00113354
0128_C.arenicolus_Constance_123475,0126_C.arenicolus_Constance_123462,0999_C.steinmanni_Thun_124422,0.0060415,0.209109,0.0072169
0126_C.arenicolus_Constance_123462,0131_C.wartmanii_Constance_123457,0129_C.alpinus_Thun_123148,0.00175016,0.413145,0.00277241
0126_C.arenicolus_Constance_123462,0132_C.macrophthalmus_Constance_123471,0129_C.alpinus_Thun_123148,0.0150538,0.0408709,0.0230776
0126_C.arenicolus_Constance_123462,0132_C.macrophthalmus_Constance_123471,012_C.acrinasus_Thun_123125,0.0156263,0.0310929,0.0243213
0131_C.wartmanii_Constance_123457,0126_C.arenicolus_Constance_123462,013_C.acrinasus_Thun_123147,0.00457158,0.296256,0.0075369
0126_C.arenicolus_Constance_123462,0131_C.wartmanii_Constance_123457,016_C.alpinus_Thun_123119,0.0253322,0.000829295,0.0291847
0126_C.arenicolus_Constance_123462,0131_C.wartmanii_Constance_123457,019_C.alpinus_Thun_124028,0.0245638,0.00182064,0.0293528
0126_C.arenicolus_Constance_123462,0131_C.wartmanii_Constance_123457,021_C.fatioi_Thun_123669,0.0418729,7.07224e-08,0.0498188
0126_C.arenicolus_Constance_123462,0131_C.wartmanii_Constance_123457,022_C.fatioi_Thun_123690,0.0448345,4.73332e-09,0.054403
0126_C.arenicolus_Constance_123462,0131_C.wartmanii_Constance_123457,023_C.fatioi_Thun_123693,0.0450566,4.36997e-09,0.0542865
0126_C.arenicolus_Constance_123462,0131_C.wartmanii_Constance_123457,056_C.steinmanni_Thun_123130,0.0390036,1.51039e-06,0.0428748
0126_C.arenicolus_Constance_123462,0131_C.wartmanii_Constance_123457,058_C.steinmanni_Thun_123277,0.037042,2.47403e-06,0.0425124
0126_C.arenicolus_Constance_123462,0131_C.wartmanii_Constance_123457,059_C.steinmanni_Thun_124020,0.0169695,0.0147986,0.0229741
0126_C.arenicolus_Constance_123462,0131_C.wartmanii_Constance_123457,061_C.albellus_Thun_123578,0.0416937,3.38664e-07,0.0490521
0126_C.arenicolus_Constance_123462,0131_C.wartmanii_Constance_123457,063_C.albellus_Thun_123845,0.0467357,8.04916e-09,0.0544903
0126_C.arenicolus_Constance_123462,0131_C.wartmanii_Constance_123457,064_C.albellus_Thun_123902,0.040445,1.35771e-06,0.0469778
0126_C.arenicolus_Constance_123462,0131_C.wartmanii_Constance_123457,0999_C.steinmanni_Thun_124422,0.0167733,0.0196967,0.0211441
0126_C.arenicolus_Constance_123462,0132_C.macrophthalmus_Constance_123471,013_C.acrinasus_Thun_123147,0.014091,0.0363424,0.022594
0126_C.arenicolus_Constance_123462,0132_C.macrophthalmus_Constance_123471,016_C.alpinus_Thun_123119,0.0107199,0.0821711,0.0118944
0126_C.arenicolus_Constance_123462,0132_C.macrophthalmus_Constance_123471,017_C.alpinus_Thun_123232,0.0142824,0.0263931,0.01667
0126_C.arenicolus_Constance_123462,0132_C.macrophthalmus_Constance_123471,019_C.alpinus_Thun_124028,0.0109141,0.0993487,0.0125455
0126_C.arenicolus_Constance_123462,0132_C.macrophthalmus_Constance_123471,021_C.fatioi_Thun_123669,0.00752985,0.146265,0.00862368
0126_C.arenicolus_Constance_123462,0132_C.macrophthalmus_Constance_123471,022_C.fatioi_Thun_123690,0.00778633,0.133763,0.00907709
0126_C.arenicolus_Constance_123462,0132_C.macrophthalmus_Constance_123471,023_C.fatioi_Thun_123693,0.0128451,0.0349456,0.0148685
0126_C.arenicolus_Constance_123462,0132_C.macrophthalmus_Constance_123471,056_C.steinmanni_Thun_123130,0.0136471,0.0468803,0.014425
0126_C.arenicolus_Constance_123462,0132_C.macrophthalmus_Constance_123471,058_C.steinmanni_Thun_123277,0.00735498,0.152881,0.00810559
0126_C.arenicolus_Constance_123462,0132_C.macrophthalmus_Constance_123471,059_C.steinmanni_Thun_124020,0.0154787,0.0176213,0.0202019
0126_C.arenicolus_Constance_123462,0132_C.macrophthalmus_Constance_123471,061_C.albellus_Thun_123578,0.0166992,0.0208239,0.0188886
0126_C.arenicolus_Constance_123462,0132_C.macrophthalmus_Constance_123471,063_C.albellus_Thun_123845,0.0194694,0.00619167,0.0217707
0126_C.arenicolus_Constance_123462,0132_C.macrophthalmus_Constance_123471,064_C.albellus_Thun_123902,0.0114129,0.0747674,0.0127354
0126_C.arenicolus_Constance_123462,0132_C.macrophthalmus_Constance_123471,0999_C.steinmanni_Thun_124422,0.00579992,0.219601,0.00702765
0127_C.arenicolus_Constance_123463,0128_C.arenicolus_Constance_123475,0129_C.alpinus_Thun_123148,0.00265218,0.373775,0.00406208
0127_C.arenicolus_Constance_123463,0128_C.arenicolus_Constance_123475,012_C.acrinasus_Thun_123125,0.00323931,0.342273,0.00504309
0128_C.arenicolus_Constance_123475,0127_C.arenicolus_Constance_123463,013_C.acrinasus_Thun_123147,0.000476097,0.475861,0.000755687
0127_C.arenicolus_Constance_123463,0128_C.arenicolus_Constance_123475,014_C.acrinasus_Thun_123203,0.000252193,0.487168,0.000417797
0128_C.arenicolus_Constance_123475,0127_C.arenicolus_Constance_123463,016_C.alpinus_Thun_123119,0.00944406,0.119684,0.0105711
0128_C.arenicolus_Constance_123475,0127_C.arenicolus_Constance_123463,017_C.alpinus_Thun_123232,0.0118927,0.062248,0.0138589
0128_C.arenicolus_Constance_123475,0127_C.arenicolus_Constance_123463,019_C.alpinus_Thun_124028,0.00439481,0.292048,0.00509841
0127_C.arenicolus_Constance_123463,0128_C.arenicolus_Constance_123475,021_C.fatioi_Thun_123669,0.000648266,0.465842,0.00074995
0127_C.arenicolus_Constance_123463,0128_C.arenicolus_Constance_123475,022_C.fatioi_Thun_123690,0.00091525,0.450525,0.00107762
0128_C.arenicolus_Constance_123475,0127_C.arenicolus_Constance_123463,023_C.fatioi_Thun_123693,0.00563219,0.224793,0.00655332
0128_C.arenicolus_Constance_123475,0127_C.arenicolus_Constance_123463,056_C.steinmanni_Thun_123130,0.00989431,0.1251,0.0105389
0128_C.arenicolus_Constance_123475,0127_C.arenicolus_Constance_123463,058_C.steinmanni_Thun_123277,0.0129825,0.0495357,0.0144304
0127_C.arenicolus_Constance_123463,0128_C.arenicolus_Constance_123475,059_C.steinmanni_Thun_124020,0.00418868,0.288369,0.00552069
0127_C.arenicolus_Constance_123463,0128_C.arenicolus_Constance_123475,061_C.albellus_Thun_123578,0.000942029,0.452297,0.00107727
0128_C.arenicolus_Constance_123475,0127_C.arenicolus_Constance_123463,063_C.albellus_Thun_123845,0.0033687,0.33588,0.00384707
0127_C.arenicolus_Constance_123463,0128_C.arenicolus_Constance_123475,064_C.albellus_Thun_123902,0.00108677,0.446283,0.0012246
0128_C.arenicolus_Constance_123475,0127_C.arenicolus_Constance_123463,0999_C.steinmanni_Thun_124422,0.00570427,0.236383,0.00694733
0127_C.arenicolus_Constance_123463,0132_C.macrophthalmus_Constance_123471,0129_C.alpinus_Thun_123148,0.0219155,0.0045254,0.0335247
0131_C.wartmanii_Constance_123457,0127_C.arenicolus_Constance_123463,012_C.acrinasus_Thun_123125,0.00670475,0.206325,0.0107062
0127_C.arenicolus_Constance_123463,0131_C.wartmanii_Constance_123457,013_C.acrinasus_Thun_123147,0.00546518,0.253159,0.00899603
0131_C.wartmanii_Constance_123457,0127_C.arenicolus_Constance_123463,014_C.acrinasus_Thun_123203,0.00851832,0.144631,0.0143973
0127_C.arenicolus_Constance_123463,0131_C.wartmanii_Constance_123457,016_C.alpinus_Thun_123119,0.0180276,0.0100269,0.0211893
0127_C.arenicolus_Constance_123463,0131_C.wartmanii_Constance_123457,019_C.alpinus_Thun_124028,0.0218239,0.00507472,0.0265431
0127_C.arenicolus_Constance_123463,0131_C.wartmanii_Constance_123457,021_C.fatioi_Thun_123669,0.0427598,4.26585e-09,0.0514374
0127_C.arenicolus_Constance_123463,0131_C.wartmanii_Constance_123457,022_C.fatioi_Thun_123690,0.04396,2.4396e-09,0.0539237
0127_C.arenicolus_Constance_123463,0131_C.wartmanii_Constance_123457,023_C.fatioi_Thun_123693,0.0414886,1.17454e-08,0.0506673
0127_C.arenicolus_Constance_123463,0131_C.wartmanii_Constance_123457,056_C.steinmanni_Thun_123130,0.0322691,6.3377e-05,0.0362135
0127_C.arenicolus_Constance_123463,0131_C.wartmanii_Constance_123457,058_C.steinmanni_Thun_123277,0.0275248,0.000141651,0.0323426
0127_C.arenicolus_Constance_123463,0131_C.wartmanii_Constance_123457,059_C.steinmanni_Thun_124020,0.0174686,0.0089019,0.0238749
0127_C.arenicolus_Constance_123463,0131_C.wartmanii_Constance_123457,061_C.albellus_Thun_123578,0.0407815,3.3793e-07,0.0485684
0127_C.arenicolus_Constance_123463,0131_C.wartmanii_Constance_123457,063_C.albellus_Thun_123845,0.0354887,1.04515e-05,0.0424766
0127_C.arenicolus_Constance_123463,0131_C.wartmanii_Constance_123457,064_C.albellus_Thun_123902,0.0400599,1.59755e-06,0.0470288
0127_C.arenicolus_Constance_123463,0131_C.wartmanii_Constance_123457,0999_C.steinmanni_Thun_124422,0.0167806,0.0173762,0.0214151
0127_C.arenicolus_Constance_123463,0132_C.macrophthalmus_Constance_123471,016_C.alpinus_Thun_123119,0.00332929,0.328448,0.00376192
0127_C.arenicolus_Constance_123463,0132_C.macrophthalmus_Constance_123471,017_C.alpinus_Thun_123232,0.0110286,0.0685663,0.012998
0127_C.arenicolus_Constance_123463,0132_C.macrophthalmus_Constance_123471,019_C.alpinus_Thun_124028,0.00827488,0.164736,0.00962575
0127_C.arenicolus_Constance_123463,0132_C.macrophthalmus_Constance_123471,021_C.fatioi_Thun_123669,0.00887524,0.105346,0.0102222
0127_C.arenicolus_Constance_123463,0132_C.macrophthalmus_Constance_123471,022_C.fatioi_Thun_123690,0.00727075,0.141784,0.00854085
0127_C.arenicolus_Constance_123463,0132_C.macrophthalmus_Constance_123471,023_C.fatioi_Thun_123693,0.00951771,0.0890092,0.0111422
0127_C.arenicolus_Constance_123463,0132_C.macrophthalmus_Constance_123471,056_C.steinmanni_Thun_123130,0.00701277,0.197943,0.00752941
0132_C.macrophthalmus_Constance_123471,0127_C.arenicolus_Constance_123463,058_C.steinmanni_Thun_123277,0.00213393,0.382507,0.00239876
0127_C.arenicolus_Constance_123463,0132_C.macrophthalmus_Constance_123471,059_C.steinmanni_Thun_124020,0.0160386,0.0140456,0.0210883
0127_C.arenicolus_Constance_123463,0132_C.macrophthalmus_Constance_123471,061_C.albellus_Thun_123578,0.0161436,0.0225355,0.0184566
0127_C.arenicolus_Constance_123463,0132_C.macrophthalmus_Constance_123471,063_C.albellus_Thun_123845,0.00813555,0.160103,0.00930873
0127_C.arenicolus_Constance_123463,0132_C.macrophthalmus_Constance_123471,064_C.albellus_Thun_123902,0.011389,0.0829444,0.0128031
0127_C.arenicolus_Constance_123463,0132_C.macrophthalmus_Constance_123471,0999_C.steinmanni_Thun_124422,0.00596987,0.214168,0.00731347
0128_C.arenicolus_Constance_123475,0131_C.wartmanii_Constance_123457,0129_C.alpinus_Thun_123148,0.00592458,0.244056,0.009393
0128_C.arenicolus_Constance_123475,0132_C.macrophthalmus_Constance_123471,0129_C.alpinus_Thun_123148,0.0193458,0.00559727,0.0296048
0128_C.arenicolus_Constance_123475,0132_C.macrophthalmus_Constance_123471,012_C.acrinasus_Thun_123125,0.017548,0.00693894,0.0273121
0128_C.arenicolus_Constance_123475,0131_C.wartmanii_Constance_123457,013_C.acrinasus_Thun_123147,0.00595466,0.234108,0.00975395
0131_C.wartmanii_Constance_123457,0128_C.arenicolus_Constance_123475,014_C.acrinasus_Thun_123203,0.00880967,0.136724,0.0148016
0128_C.arenicolus_Constance_123475,0131_C.wartmanii_Constance_123457,016_C.alpinus_Thun_123119,0.0272218,0.000221147,0.0315222
0128_C.arenicolus_Constance_123475,0131_C.wartmanii_Constance_123457,019_C.alpinus_Thun_124028,0.0261801,0.000869574,0.0315039
0128_C.arenicolus_Constance_123475,0131_C.wartmanii_Constance_123457,021_C.fatioi_Thun_123669,0.0422686,4.56936e-09,0.0507163
0128_C.arenicolus_Constance_123475,0131_C.wartmanii_Constance_123457,022_C.fatioi_Thun_123690,0.0431966,8.17457e-09,0.0528408
0128_C.arenicolus_Constance_123475,0131_C.wartmanii_Constance_123457,023_C.fatioi_Thun_123693,0.0470877,1.0116e-10,0.0569286
0128_C.arenicolus_Constance_123475,0131_C.wartmanii_Constance_123457,058_C.steinmanni_Thun_123277,0.0402274,1.56401e-07,0.0463001
0128_C.arenicolus_Constance_123475,0131_C.wartmanii_Constance_123457,059_C.steinmanni_Thun_124020,0.0134568,0.0370065,0.0184197
0128_C.arenicolus_Constance_123475,0131_C.wartmanii_Constance_123457,061_C.albellus_Thun_123578,0.0400611,1.06797e-07,0.0475421
0128_C.arenicolus_Constance_123475,0131_C.wartmanii_Constance_123457,063_C.albellus_Thun_123845,0.0389558,4.21328e-07,0.0461372
0128_C.arenicolus_Constance_123475,0131_C.wartmanii_Constance_123457,064_C.albellus_Thun_123902,0.0392761,2.57034e-07,0.0458884
0128_C.arenicolus_Constance_123475,0131_C.wartmanii_Constance_123457,0999_C.steinmanni_Thun_124422,0.0223848,0.00266119,0.0282068
0128_C.arenicolus_Constance_123475,0132_C.macrophthalmus_Constance_123471,016_C.alpinus_Thun_123119,0.0128569,0.0306974,0.0142972
0128_C.arenicolus_Constance_123475,0132_C.macrophthalmus_Constance_123471,017_C.alpinus_Thun_123232,0.0230466,0.000412103,0.0267045
0128_C.arenicolus_Constance_123475,0132_C.macrophthalmus_Constance_123471,019_C.alpinus_Thun_124028,0.0127499,0.0567526,0.0146764
0128_C.arenicolus_Constance_123475,0132_C.macrophthalmus_Constance_123471,021_C.fatioi_Thun_123669,0.00825428,0.107644,0.00948688
0128_C.arenicolus_Constance_123475,0132_C.macrophthalmus_Constance_123471,022_C.fatioi_Thun_123690,0.00637899,0.176207,0.00747209
0128_C.arenicolus_Constance_123475,0132_C.macrophthalmus_Constance_123471,023_C.fatioi_Thun_123693,0.0152184,0.0102068,0.0176164
0128_C.arenicolus_Constance_123475,0132_C.macrophthalmus_Constance_123471,056_C.steinmanni_Thun_123130,0.0170288,0.00919508,0.0179834
0128_C.arenicolus_Constance_123475,0132_C.macrophthalmus_Constance_123471,058_C.steinmanni_Thun_123277,0.0109389,0.0557985,0.0120577
0128_C.arenicolus_Constance_123475,0132_C.macrophthalmus_Constance_123471,059_C.steinmanni_Thun_124020,0.011875,0.0425439,0.0156186
0128_C.arenicolus_Constance_123475,0132_C.macrophthalmus_Constance_123471,061_C.albellus_Thun_123578,0.0152594,0.0219193,0.0173489
0128_C.arenicolus_Constance_123475,0132_C.macrophthalmus_Constance_123471,063_C.albellus_Thun_123845,0.0115643,0.0601875,0.0131221
0128_C.arenicolus_Constance_123475,0132_C.macrophthalmus_Constance_123471,064_C.albellus_Thun_123902,0.0103466,0.0892937,0.0115935
0128_C.arenicolus_Constance_123475,0132_C.macrophthalmus_Constance_123471,0999_C.steinmanni_Thun_124422,0.0117428,0.0446774,0.0142115
0131_C.wartmanii_Constance_123457,0132_C.macrophthalmus_Constance_123471,0129_C.alpinus_Thun_123148,0.0130651,0.0673434,0.0203589
0132_C.macrophthalmus_Constance_123471,0131_C.wartmanii_Constance_123457,016_C.alpinus_Thun_123119,0.0153186,0.0244438,0.0175243
0132_C.macrophthalmus_Constance_123471,0131_C.wartmanii_Constance_123457,017_C.alpinus_Thun_123232,0.0199364,0.0036619,0.024046
0132_C.macrophthalmus_Constance_123471,0131_C.wartmanii_Constance_123457,019_C.alpinus_Thun_124028,0.0143766,0.0448767,0.0170132
0132_C.macrophthalmus_Constance_123471,0131_C.wartmanii_Constance_123457,021_C.fatioi_Thun_123669,0.035361,5.67726e-07,0.0416454
0132_C.macrophthalmus_Constance_123471,0131_C.wartmanii_Constance_123457,022_C.fatioi_Thun_123690,0.0381812,5.33754e-08,0.0457674
0132_C.macrophthalmus_Constance_123471,0131_C.wartmanii_Constance_123457,023_C.fatioi_Thun_123693,0.0334128,1.58468e-06,0.0399633
0132_C.macrophthalmus_Constance_123471,0131_C.wartmanii_Constance_123457,056_C.steinmanni_Thun_123130,0.026439,0.000778459,0.0288948
0132_C.macrophthalmus_Constance_123471,0131_C.wartmanii_Constance_123457,058_C.steinmanni_Thun_123277,0.0306043,1.58384e-05,0.03463
0132_C.macrophthalmus_Constance_123471,0131_C.wartmanii_Constance_123457,059_C.steinmanni_Thun_124020,0.00209655,0.388613,0.00283454
0132_C.macrophthalmus_Constance_123471,0131_C.wartmanii_Constance_123457,061_C.albellus_Thun_123578,0.0261624,0.000695173,0.0307945
0132_C.macrophthalmus_Constance_123471,0131_C.wartmanii_Constance_123457,063_C.albellus_Thun_123845,0.0286875,0.000117637,0.0334112
0132_C.macrophthalmus_Constance_123471,0131_C.wartmanii_Constance_123457,064_C.albellus_Thun_123902,0.0301612,0.000170981,0.0346667
0132_C.macrophthalmus_Constance_123471,0131_C.wartmanii_Constance_123457,0999_C.steinmanni_Thun_124422,0.0114199,0.0686945,0.0141948
