0104_C.nobilis_Lucerne_26833,0103_C.nobilis_Lucerne_26827,032_C.albellus_Brienz_123711,0.00841858,0.152971,0.0109031
0104_C.nobilis_Lucerne_26833,0103_C.nobilis_Lucerne_26827,033_C.albellus_Brienz_123747,0.00905527,0.139901,0.0117545
0103_C.nobilis_Lucerne_26827,0104_C.nobilis_Lucerne_26833,034_C.albellus_Brienz_123751,0.0033216,0.338204,0.00426885
0103_C.nobilis_Lucerne_26827,0104_C.nobilis_Lucerne_26833,061_C.albellus_Thun_123578,0.00431861,0.301514,0.00569447
0104_C.nobilis_Lucerne_26833,0103_C.nobilis_Lucerne_26827,063_C.albellus_Thun_123845,0.00265282,0.370325,0.00353294
0104_C.nobilis_Lucerne_26833,0103_C.nobilis_Lucerne_26827,064_C.albellus_Thun_123902,0.00605769,0.235528,0.00794793
0106_C.nobilis_Lucerne_26846,0103_C.nobilis_Lucerne_26827,032_C.albellus_Brienz_123711,0.000608836,0.472047,0.000711361
0103_C.nobilis_Lucerne_26827,0106_C.nobilis_Lucerne_26846,033_C.albellus_Brienz_123747,0.00036597,0.483449,0.000429369
0103_C.nobilis_Lucerne_26827,0106_C.nobilis_Lucerne_26846,034_C.albellus_Brienz_123751,0.000140722,0.493077,0.000161173
0103_C.nobilis_Lucerne_26827,0106_C.nobilis_Lucerne_26846,061_C.albellus_Thun_123578,0.00921186,0.153198,0.0108153
0103_C.nobilis_Lucerne_26827,0106_C.nobilis_Lucerne_26846,063_C.albellus_Thun_123845,0.00625844,0.230809,0.00745587
0103_C.nobilis_Lucerne_26827,0106_C.nobilis_Lucerne_26846,064_C.albellus_Thun_123902,0.00154938,0.431515,0.00181763
0110_C.zugensis_Lucerne_28486,0103_C.nobilis_Lucerne_26827,034_C.albellus_Brienz_123751,0.0623854,7.77156e-16,0.0760139
0111_C.zugensis_Lucerne_28494,0103_C.nobilis_Lucerne_26827,034_C.albellus_Brienz_123751,0.0513472,1.49564e-11,0.0633835
0111_C.zugensis_Lucerne_28494,0103_C.nobilis_Lucerne_26827,061_C.albellus_Thun_123578,0.0554364,2.13662e-10,0.069578
0111_C.zugensis_Lucerne_28494,0103_C.nobilis_Lucerne_26827,063_C.albellus_Thun_123845,0.0595538,2.64522e-12,0.0754135
0113_C.zugensis_Lucerne_28700,0103_C.nobilis_Lucerne_26827,034_C.albellus_Brienz_123751,0.0520408,3.9736e-12,0.0640995
0113_C.zugensis_Lucerne_28700,0103_C.nobilis_Lucerne_26827,061_C.albellus_Thun_123578,0.0509172,2.36333e-09,0.0641018
0113_C.zugensis_Lucerne_28700,0103_C.nobilis_Lucerne_26827,063_C.albellus_Thun_123845,0.060754,1.13087e-12,0.0764493
0104_C.nobilis_Lucerne_26833,0106_C.nobilis_Lucerne_26846,032_C.albellus_Brienz_123711,0.00785276,0.187602,0.0102109
0104_C.nobilis_Lucerne_26833,0106_C.nobilis_Lucerne_26846,033_C.albellus_Brienz_123747,0.00934277,0.138088,0.0121767
0106_C.nobilis_Lucerne_26846,0104_C.nobilis_Lucerne_26833,034_C.albellus_Brienz_123751,0.00318923,0.35155,0.00411388
0104_C.nobilis_Lucerne_26833,0106_C.nobilis_Lucerne_26846,061_C.albellus_Thun_123578,0.00387836,0.328347,0.00516631
0104_C.nobilis_Lucerne_26833,0106_C.nobilis_Lucerne_26846,063_C.albellus_Thun_123845,0.00821706,0.16882,0.0109371
0104_C.nobilis_Lucerne_26833,0106_C.nobilis_Lucerne_26846,064_C.albellus_Thun_123902,0.0074194,0.202917,0.00972866
0111_C.zugensis_Lucerne_28494,0104_C.nobilis_Lucerne_26833,032_C.albellus_Brienz_123711,0.052092,3.07452e-09,0.0649399
0111_C.zugensis_Lucerne_28494,0104_C.nobilis_Lucerne_26833,033_C.albellus_Brienz_123747,0.05244,8.12944e-09,0.0653941
0111_C.zugensis_Lucerne_28494,0104_C.nobilis_Lucerne_26833,034_C.albellus_Brienz_123751,0.0545245,8.753e-13,0.0674537
0111_C.zugensis_Lucerne_28494,0104_C.nobilis_Lucerne_26833,061_C.albellus_Thun_123578,0.059467,1.69014e-11,0.0751075
0111_C.zugensis_Lucerne_28494,0104_C.nobilis_Lucerne_26833,063_C.albellus_Thun_123845,0.0569322,9.50725e-11,0.072026
0113_C.zugensis_Lucerne_28700,0104_C.nobilis_Lucerne_26833,032_C.albellus_Brienz_123711,0.0499589,1.25731e-07,0.0623767
0113_C.zugensis_Lucerne_28700,0104_C.nobilis_Lucerne_26833,034_C.albellus_Brienz_123751,0.0548324,1.21647e-12,0.0679416
0113_C.zugensis_Lucerne_28700,0104_C.nobilis_Lucerne_26833,061_C.albellus_Thun_123578,0.0546897,2.719e-09,0.0692903
0113_C.zugensis_Lucerne_28700,0104_C.nobilis_Lucerne_26833,063_C.albellus_Thun_123845,0.0578329,5.84721e-11,0.0732174
0113_C.zugensis_Lucerne_28700,0104_C.nobilis_Lucerne_26833,064_C.albellus_Thun_123902,0.0528357,1.45419e-08,0.0663768
0111_C.zugensis_Lucerne_28494,0106_C.nobilis_Lucerne_26846,034_C.albellus_Brienz_123751,0.0514161,1.64066e-10,0.0634656
0111_C.zugensis_Lucerne_28494,0106_C.nobilis_Lucerne_26846,061_C.albellus_Thun_123578,0.0633533,5.98954e-12,0.0796741
0113_C.zugensis_Lucerne_28700,0106_C.nobilis_Lucerne_26846,034_C.albellus_Brienz_123751,0.0517242,1.82048e-11,0.0640974
0113_C.zugensis_Lucerne_28700,0106_C.nobilis_Lucerne_26846,061_C.albellus_Thun_123578,0.058348,3.76143e-10,0.0742957
0108_C.pelagic_intermediate_Lucerne_28716,0107_C.pelagic_intermediate_Lucerne_28599,032_C.albellus_Brienz_123711,0.0113881,0.103481,0.0137993
0108_C.pelagic_intermediate_Lucerne_28716,0107_C.pelagic_intermediate_Lucerne_28599,033_C.albellus_Brienz_123747,0.00431958,0.311586,0.00528896
0108_C.pelagic_intermediate_Lucerne_28716,0107_C.pelagic_intermediate_Lucerne_28599,034_C.albellus_Brienz_123751,0.00666901,0.186715,0.00813943
0108_C.pelagic_intermediate_Lucerne_28716,0107_C.pelagic_intermediate_Lucerne_28599,061_C.albellus_Thun_123578,0.000303978,0.486033,0.000378822
0108_C.pelagic_intermediate_Lucerne_28716,0107_C.pelagic_intermediate_Lucerne_28599,063_C.albellus_Thun_123845,0.00939231,0.137555,0.0117737
0108_C.pelagic_intermediate_Lucerne_28716,0107_C.pelagic_intermediate_Lucerne_28599,064_C.albellus_Thun_123902,0.00467971,0.298765,0.00578147
0109_C.pelagic_intermediate_Lucerne_28719,0107_C.pelagic_intermediate_Lucerne_28599,032_C.albellus_Brienz_123711,0.0121387,0.074306,0.0147186
0109_C.pelagic_intermediate_Lucerne_28719,0107_C.pelagic_intermediate_Lucerne_28599,033_C.albellus_Brienz_123747,0.0117579,0.0850444,0.014278
0109_C.pelagic_intermediate_Lucerne_28719,0107_C.pelagic_intermediate_Lucerne_28599,034_C.albellus_Brienz_123751,0.0175835,0.0103949,0.0212089
0109_C.pelagic_intermediate_Lucerne_28719,0107_C.pelagic_intermediate_Lucerne_28599,061_C.albellus_Thun_123578,0.0125742,0.0648659,0.0154686
0109_C.pelagic_intermediate_Lucerne_28719,0107_C.pelagic_intermediate_Lucerne_28599,063_C.albellus_Thun_123845,0.0179673,0.0143022,0.0223545
0109_C.pelagic_intermediate_Lucerne_28719,0107_C.pelagic_intermediate_Lucerne_28599,064_C.albellus_Thun_123902,0.0109564,0.0998041,0.0134762
0107_C.pelagic_intermediate_Lucerne_28599,0110_C.zugensis_Lucerne_28486,032_C.albellus_Brienz_123711,0.0418449,1.88299e-06,0.0503644
0107_C.pelagic_intermediate_Lucerne_28599,0110_C.zugensis_Lucerne_28486,033_C.albellus_Brienz_123747,0.0445827,2.29203e-07,0.0537182
0107_C.pelagic_intermediate_Lucerne_28599,0110_C.zugensis_Lucerne_28486,034_C.albellus_Brienz_123751,0.0342486,4.0893e-06,0.0412781
0107_C.pelagic_intermediate_Lucerne_28599,0110_C.zugensis_Lucerne_28486,061_C.albellus_Thun_123578,0.0312286,0.000231033,0.0381622
0107_C.pelagic_intermediate_Lucerne_28599,0110_C.zugensis_Lucerne_28486,063_C.albellus_Thun_123845,0.0311213,0.00025816,0.0387612
0107_C.pelagic_intermediate_Lucerne_28599,0110_C.zugensis_Lucerne_28486,064_C.albellus_Thun_123902,0.0292322,0.000572607,0.0356859
0107_C.pelagic_intermediate_Lucerne_28599,0111_C.zugensis_Lucerne_28494,032_C.albellus_Brienz_123711,0.0502592,2.71922e-08,0.0603453
0107_C.pelagic_intermediate_Lucerne_28599,0111_C.zugensis_Lucerne_28494,033_C.albellus_Brienz_123747,0.050398,1.85695e-08,0.0606045
0107_C.pelagic_intermediate_Lucerne_28599,0111_C.zugensis_Lucerne_28494,034_C.albellus_Brienz_123751,0.0451847,4.08401e-09,0.0541864
0107_C.pelagic_intermediate_Lucerne_28599,0111_C.zugensis_Lucerne_28494,061_C.albellus_Thun_123578,0.0468747,7.80062e-08,0.0571066
0107_C.pelagic_intermediate_Lucerne_28599,0111_C.zugensis_Lucerne_28494,063_C.albellus_Thun_123845,0.0370661,1.74762e-05,0.04599
0107_C.pelagic_intermediate_Lucerne_28599,0111_C.zugensis_Lucerne_28494,064_C.albellus_Thun_123902,0.0411978,1.98571e-06,0.0500888
0107_C.pelagic_intermediate_Lucerne_28599,0113_C.zugensis_Lucerne_28700,033_C.albellus_Brienz_123747,0.0463473,1.51823e-07,0.0558907
0107_C.pelagic_intermediate_Lucerne_28599,0113_C.zugensis_Lucerne_28700,034_C.albellus_Brienz_123751,0.0445908,1.93252e-08,0.0538073
0107_C.pelagic_intermediate_Lucerne_28599,0113_C.zugensis_Lucerne_28700,061_C.albellus_Thun_123578,0.0513723,1.74303e-09,0.0628234
0107_C.pelagic_intermediate_Lucerne_28599,0113_C.zugensis_Lucerne_28700,063_C.albellus_Thun_123845,0.0360274,2.06155e-05,0.0447739
0107_C.pelagic_intermediate_Lucerne_28599,0113_C.zugensis_Lucerne_28700,064_C.albellus_Thun_123902,0.0451674,2.75595e-07,0.0549952
0114_C.bodenbalchen_Lucerne_28418,0107_C.pelagic_intermediate_Lucerne_28599,032_C.albellus_Brienz_123711,0.0282508,0.00131809,0.0329446
0114_C.bodenbalchen_Lucerne_28418,0107_C.pelagic_intermediate_Lucerne_28599,033_C.albellus_Brienz_123747,0.0256846,0.00240323,0.0301188
0114_C.bodenbalchen_Lucerne_28418,0107_C.pelagic_intermediate_Lucerne_28599,034_C.albellus_Brienz_123751,0.0276822,0.000196846,0.0323511
0114_C.bodenbalchen_Lucerne_28418,0107_C.pelagic_intermediate_Lucerne_28599,061_C.albellus_Thun_123578,0.017625,0.0266953,0.0211567
0114_C.bodenbalchen_Lucerne_28418,0107_C.pelagic_intermediate_Lucerne_28599,063_C.albellus_Thun_123845,0.0231096,0.00467604,0.0280509
0114_C.bodenbalchen_Lucerne_28418,0107_C.pelagic_intermediate_Lucerne_28599,064_C.albellus_Thun_123902,0.0271416,0.00174693,0.0320852
0118_C.bodenbalchen_Lucerne_28449,0107_C.pelagic_intermediate_Lucerne_28599,032_C.albellus_Brienz_123711,0.0299218,0.000544282,0.0353184
0118_C.bodenbalchen_Lucerne_28449,0107_C.pelagic_intermediate_Lucerne_28599,033_C.albellus_Brienz_123747,0.0275166,0.0014304,0.0326288
0118_C.bodenbalchen_Lucerne_28449,0107_C.pelagic_intermediate_Lucerne_28599,034_C.albellus_Brienz_123751,0.029223,0.000100228,0.0346118
0118_C.bodenbalchen_Lucerne_28449,0107_C.pelagic_intermediate_Lucerne_28599,061_C.albellus_Thun_123578,0.0225164,0.00573725,0.0272824
0118_C.bodenbalchen_Lucerne_28449,0107_C.pelagic_intermediate_Lucerne_28599,063_C.albellus_Thun_123845,0.0331722,9.55686e-05,0.0402671
0118_C.bodenbalchen_Lucerne_28449,0107_C.pelagic_intermediate_Lucerne_28599,064_C.albellus_Thun_123902,0.0298462,0.00056735,0.0356239
0119_C.bodenbalchen_Lucerne_28500,0107_C.pelagic_intermediate_Lucerne_28599,032_C.albellus_Brienz_123711,0.0224831,0.00734192,0.0262977
0119_C.bodenbalchen_Lucerne_28500,0107_C.pelagic_intermediate_Lucerne_28599,033_C.albellus_Brienz_123747,0.0234011,0.00624426,0.0273604
0119_C.bodenbalchen_Lucerne_28500,0107_C.pelagic_intermediate_Lucerne_28599,034_C.albellus_Brienz_123751,0.0169184,0.0123772,0.0199643
0119_C.bodenbalchen_Lucerne_28500,0107_C.pelagic_intermediate_Lucerne_28599,061_C.albellus_Thun_123578,0.0153904,0.044928,0.0183999
0119_C.bodenbalchen_Lucerne_28500,0107_C.pelagic_intermediate_Lucerne_28599,063_C.albellus_Thun_123845,0.0205112,0.0135635,0.0248426
0119_C.bodenbalchen_Lucerne_28500,0107_C.pelagic_intermediate_Lucerne_28599,064_C.albellus_Thun_123902,0.0174498,0.0317747,0.0208059
047_C.benthic_intermediate_Lucerne_28557,0107_C.pelagic_intermediate_Lucerne_28599,032_C.albellus_Brienz_123711,0.010366,0.106543,0.0127333
0107_C.pelagic_intermediate_Lucerne_28599,048_C.pelagic_intermediate_Lucerne_28559,032_C.albellus_Brienz_123711,0.011458,0.0959051,0.0139772
050_C.benthic_intermediate_Lucerne_28648,0107_C.pelagic_intermediate_Lucerne_28599,032_C.albellus_Brienz_123711,0.027421,0.00207727,0.0327964
066_C.alpnacherfelchen_Lucerne_26003,0107_C.pelagic_intermediate_Lucerne_28599,032_C.albellus_Brienz_123711,0.0140024,0.0591365,0.0173907
068_C.alpnacherfelchen_Lucerne_26020,0107_C.pelagic_intermediate_Lucerne_28599,032_C.albellus_Brienz_123711,0.0138667,0.068658,0.0170458
070_C.alpnacherfelchen_Lucerne_26004,0107_C.pelagic_intermediate_Lucerne_28599,032_C.albellus_Brienz_123711,0.00511226,0.287122,0.00619372
047_C.benthic_intermediate_Lucerne_28557,0107_C.pelagic_intermediate_Lucerne_28599,033_C.albellus_Brienz_123747,0.00589726,0.232463,0.00730036
0107_C.pelagic_intermediate_Lucerne_28599,048_C.pelagic_intermediate_Lucerne_28559,033_C.albellus_Brienz_123747,0.0122184,0.085963,0.0149526
050_C.benthic_intermediate_Lucerne_28648,0107_C.pelagic_intermediate_Lucerne_28599,033_C.albellus_Brienz_123747,0.015202,0.0527577,0.0184377
066_C.alpnacherfelchen_Lucerne_26003,0107_C.pelagic_intermediate_Lucerne_28599,033_C.albellus_Brienz_123747,0.0205106,0.0136113,0.0252255
068_C.alpnacherfelchen_Lucerne_26020,0107_C.pelagic_intermediate_Lucerne_28599,033_C.albellus_Brienz_123747,0.0142725,0.0591608,0.0175496
070_C.alpnacherfelchen_Lucerne_26004,0107_C.pelagic_intermediate_Lucerne_28599,033_C.albellus_Brienz_123747,0.00210639,0.406952,0.00256457
047_C.benthic_intermediate_Lucerne_28557,0107_C.pelagic_intermediate_Lucerne_28599,034_C.albellus_Brienz_123751,0.0079038,0.157122,0.0097486
0107_C.pelagic_intermediate_Lucerne_28599,048_C.pelagic_intermediate_Lucerne_28559,034_C.albellus_Brienz_123751,0.000537639,0.472748,0.000656679
050_C.benthic_intermediate_Lucerne_28648,0107_C.pelagic_intermediate_Lucerne_28599,034_C.albellus_Brienz_123751,0.0195965,0.00551976,0.0237017
066_C.alpnacherfelchen_Lucerne_26003,0107_C.pelagic_intermediate_Lucerne_28599,034_C.albellus_Brienz_123751,0.0179887,0.0111843,0.0221683
068_C.alpnacherfelchen_Lucerne_26020,0107_C.pelagic_intermediate_Lucerne_28599,034_C.albellus_Brienz_123751,0.0154323,0.016818,0.0189287
070_C.alpnacherfelchen_Lucerne_26004,0107_C.pelagic_intermediate_Lucerne_28599,034_C.albellus_Brienz_123751,0.00731247,0.19233,0.00884151
0107_C.pelagic_intermediate_Lucerne_28599,047_C.benthic_intermediate_Lucerne_28557,061_C.albellus_Thun_123578,0.000416371,0.479238,0.00052716
047_C.benthic_intermediate_Lucerne_28557,0107_C.pelagic_intermediate_Lucerne_28599,063_C.albellus_Thun_123845,0.0146176,0.0304896,0.0184807
047_C.benthic_intermediate_Lucerne_28557,0107_C.pelagic_intermediate_Lucerne_28599,064_C.albellus_Thun_123902,0.00120985,0.441774,0.0015246
0107_C.pelagic_intermediate_Lucerne_28599,048_C.pelagic_intermediate_Lucerne_28559,061_C.albellus_Thun_123578,0.00920623,0.1416,0.011422
048_C.pelagic_intermediate_Lucerne_28559,0107_C.pelagic_intermediate_Lucerne_28599,063_C.albellus_Thun_123845,0.000216553,0.489924,0.000273552
0107_C.pelagic_intermediate_Lucerne_28599,048_C.pelagic_intermediate_Lucerne_28559,064_C.albellus_Thun_123902,0.00798639,0.181364,0.00988437
050_C.benthic_intermediate_Lucerne_28648,0107_C.pelagic_intermediate_Lucerne_28599,061_C.albellus_Thun_123578,0.0155952,0.0424076,0.0192009
050_C.benthic_intermediate_Lucerne_28648,0107_C.pelagic_intermediate_Lucerne_28599,063_C.albellus_Thun_123845,0.0247731,0.0043855,0.0307047
050_C.benthic_intermediate_Lucerne_28648,0107_C.pelagic_intermediate_Lucerne_28599,064_C.albellus_Thun_123902,0.0242025,0.00541806,0.0293521
066_C.alpnacherfelchen_Lucerne_26003,0107_C.pelagic_intermediate_Lucerne_28599,061_C.albellus_Thun_123578,0.0160224,0.0351822,0.0201257
068_C.alpnacherfelchen_Lucerne_26020,0107_C.pelagic_intermediate_Lucerne_28599,061_C.albellus_Thun_123578,0.00418466,0.322993,0.0052897
070_C.alpnacherfelchen_Lucerne_26004,0107_C.pelagic_intermediate_Lucerne_28599,061_C.albellus_Thun_123578,0.00452762,0.297484,0.00557639
066_C.alpnacherfelchen_Lucerne_26003,0107_C.pelagic_intermediate_Lucerne_28599,063_C.albellus_Thun_123845,0.0236023,0.00385146,0.0298528
068_C.alpnacherfelchen_Lucerne_26020,0107_C.pelagic_intermediate_Lucerne_28599,063_C.albellus_Thun_123845,0.0147113,0.0538784,0.018678
070_C.alpnacherfelchen_Lucerne_26004,0107_C.pelagic_intermediate_Lucerne_28599,063_C.albellus_Thun_123845,0.0184404,0.0181928,0.0227083
066_C.alpnacherfelchen_Lucerne_26003,0107_C.pelagic_intermediate_Lucerne_28599,064_C.albellus_Thun_123902,0.0199115,0.0151234,0.0247831
068_C.alpnacherfelchen_Lucerne_26020,0107_C.pelagic_intermediate_Lucerne_28599,064_C.albellus_Thun_123902,0.0165138,0.0331791,0.0204263
070_C.alpnacherfelchen_Lucerne_26004,0107_C.pelagic_intermediate_Lucerne_28599,064_C.albellus_Thun_123902,0.0139941,0.0546748,0.0169372
0109_C.pelagic_intermediate_Lucerne_28719,0108_C.pelagic_intermediate_Lucerne_28716,032_C.albellus_Brienz_123711,0.000769736,0.465615,0.000941273
0109_C.pelagic_intermediate_Lucerne_28719,0108_C.pelagic_intermediate_Lucerne_28716,033_C.albellus_Brienz_123747,0.00739506,0.200265,0.009031
0109_C.pelagic_intermediate_Lucerne_28719,0108_C.pelagic_intermediate_Lucerne_28716,034_C.albellus_Brienz_123751,0.0108536,0.100735,0.0132023
0109_C.pelagic_intermediate_Lucerne_28719,0108_C.pelagic_intermediate_Lucerne_28716,061_C.albellus_Thun_123578,0.0121703,0.0765939,0.0150778
0109_C.pelagic_intermediate_Lucerne_28719,0108_C.pelagic_intermediate_Lucerne_28716,063_C.albellus_Thun_123845,0.0085187,0.153236,0.0106729
0109_C.pelagic_intermediate_Lucerne_28719,0108_C.pelagic_intermediate_Lucerne_28716,064_C.albellus_Thun_123902,0.00623908,0.236473,0.00772021
0108_C.pelagic_intermediate_Lucerne_28716,0110_C.zugensis_Lucerne_28486,034_C.albellus_Brienz_123751,0.0402689,1.02782e-07,0.0490504
0108_C.pelagic_intermediate_Lucerne_28716,0110_C.zugensis_Lucerne_28486,061_C.albellus_Thun_123578,0.0309662,0.000104652,0.0384474
0108_C.pelagic_intermediate_Lucerne_28716,0110_C.zugensis_Lucerne_28486,063_C.albellus_Thun_123845,0.0399647,4.35187e-07,0.0500569
0108_C.pelagic_intermediate_Lucerne_28716,0110_C.zugensis_Lucerne_28486,064_C.albellus_Thun_123902,0.0333478,5.99828e-05,0.041232
0114_C.bodenbalchen_Lucerne_28418,0108_C.pelagic_intermediate_Lucerne_28716,032_C.albellus_Brienz_123711,0.0164671,0.0326821,0.0194167
0114_C.bodenbalchen_Lucerne_28418,0108_C.pelagic_intermediate_Lucerne_28716,033_C.albellus_Brienz_123747,0.0210382,0.00698295,0.0249294
0114_C.bodenbalchen_Lucerne_28418,0108_C.pelagic_intermediate_Lucerne_28716,034_C.albellus_Brienz_123751,0.0206609,0.00449414,0.0244956
0114_C.bodenbalchen_Lucerne_28418,0108_C.pelagic_intermediate_Lucerne_28716,061_C.albellus_Thun_123578,0.0171277,0.020797,0.0208014
0114_C.bodenbalchen_Lucerne_28418,0108_C.pelagic_intermediate_Lucerne_28716,063_C.albellus_Thun_123845,0.0134075,0.0573416,0.0164509
0114_C.bodenbalchen_Lucerne_28418,0108_C.pelagic_intermediate_Lucerne_28716,064_C.albellus_Thun_123902,0.0220855,0.00589328,0.0264511
0118_C.bodenbalchen_Lucerne_28449,0108_C.pelagic_intermediate_Lucerne_28716,032_C.albellus_Brienz_123711,0.018565,0.0241527,0.0218048
0118_C.bodenbalchen_Lucerne_28449,0108_C.pelagic_intermediate_Lucerne_28716,033_C.albellus_Brienz_123747,0.0233122,0.00617778,0.0274614
0118_C.bodenbalchen_Lucerne_28449,0108_C.pelagic_intermediate_Lucerne_28716,034_C.albellus_Brienz_123751,0.0226404,0.00129994,0.0266714
0118_C.bodenbalchen_Lucerne_28449,0108_C.pelagic_intermediate_Lucerne_28716,061_C.albellus_Thun_123578,0.0222867,0.00737037,0.0268682
0118_C.bodenbalchen_Lucerne_28449,0108_C.pelagic_intermediate_Lucerne_28716,063_C.albellus_Thun_123845,0.0238629,0.00380199,0.0288006
0118_C.bodenbalchen_Lucerne_28449,0108_C.pelagic_intermediate_Lucerne_28716,064_C.albellus_Thun_123902,0.0252204,0.00348126,0.0299976
0119_C.bodenbalchen_Lucerne_28500,0108_C.pelagic_intermediate_Lucerne_28716,032_C.albellus_Brienz_123711,0.0107691,0.107328,0.0126708
0119_C.bodenbalchen_Lucerne_28500,0108_C.pelagic_intermediate_Lucerne_28716,033_C.albellus_Brienz_123747,0.0188608,0.012488,0.0222082
0119_C.bodenbalchen_Lucerne_28500,0108_C.pelagic_intermediate_Lucerne_28716,034_C.albellus_Brienz_123751,0.0100521,0.10584,0.0119317
0119_C.bodenbalchen_Lucerne_28500,0108_C.pelagic_intermediate_Lucerne_28716,061_C.albellus_Thun_123578,0.0149956,0.0337511,0.0180794
0119_C.bodenbalchen_Lucerne_28500,0108_C.pelagic_intermediate_Lucerne_28716,063_C.albellus_Thun_123845,0.0108655,0.0917398,0.0132658
0119_C.bodenbalchen_Lucerne_28500,0108_C.pelagic_intermediate_Lucerne_28716,064_C.albellus_Thun_123902,0.0125981,0.0693642,0.0151036
0108_C.pelagic_intermediate_Lucerne_28716,047_C.benthic_intermediate_Lucerne_28557,032_C.albellus_Brienz_123711,0.000866551,0.461581,0.00106835
0108_C.pelagic_intermediate_Lucerne_28716,048_C.pelagic_intermediate_Lucerne_28559,032_C.albellus_Brienz_123711,0.0226787,0.00954687,0.0275804
050_C.benthic_intermediate_Lucerne_28648,0108_C.pelagic_intermediate_Lucerne_28716,032_C.albellus_Brienz_123711,0.0161874,0.0331196,0.019213
066_C.alpnacherfelchen_Lucerne_26003,0108_C.pelagic_intermediate_Lucerne_28716,032_C.albellus_Brienz_123711,0.00291399,0.37559,0.00363719
068_C.alpnacherfelchen_Lucerne_26020,0108_C.pelagic_intermediate_Lucerne_28716,032_C.albellus_Brienz_123711,0.00269024,0.37218,0.00329029
0108_C.pelagic_intermediate_Lucerne_28716,070_C.alpnacherfelchen_Lucerne_26004,032_C.albellus_Brienz_123711,0.00630949,0.243804,0.00764816
047_C.benthic_intermediate_Lucerne_28557,0108_C.pelagic_intermediate_Lucerne_28716,033_C.albellus_Brienz_123747,0.00162307,0.426745,0.00201772
0108_C.pelagic_intermediate_Lucerne_28716,048_C.pelagic_intermediate_Lucerne_28559,033_C.albellus_Brienz_123747,0.0164294,0.0390475,0.0201627
050_C.benthic_intermediate_Lucerne_28648,0108_C.pelagic_intermediate_Lucerne_28716,033_C.albellus_Brienz_123747,0.0109591,0.108137,0.0132413
066_C.alpnacherfelchen_Lucerne_26003,0108_C.pelagic_intermediate_Lucerne_28716,033_C.albellus_Brienz_123747,0.0162489,0.0344374,0.0200854
068_C.alpnacherfelchen_Lucerne_26020,0108_C.pelagic_intermediate_Lucerne_28716,033_C.albellus_Brienz_123747,0.0100665,0.113812,0.0123206
0108_C.pelagic_intermediate_Lucerne_28716,070_C.alpnacherfelchen_Lucerne_26004,033_C.albellus_Brienz_123747,0.00223281,0.403321,0.00273111
047_C.benthic_intermediate_Lucerne_28557,0108_C.pelagic_intermediate_Lucerne_28716,034_C.albellus_Brienz_123751,0.00131908,0.434815,0.00163782
0108_C.pelagic_intermediate_Lucerne_28716,048_C.pelagic_intermediate_Lucerne_28559,034_C.albellus_Brienz_123751,0.00718824,0.176615,0.00878072
050_C.benthic_intermediate_Lucerne_28648,0108_C.pelagic_intermediate_Lucerne_28716,034_C.albellus_Brienz_123751,0.0130567,0.0484825,0.0156919
066_C.alpnacherfelchen_Lucerne_26003,0108_C.pelagic_intermediate_Lucerne_28716,034_C.albellus_Brienz_123751,0.0114557,0.0736234,0.0142108
068_C.alpnacherfelchen_Lucerne_26020,0108_C.pelagic_intermediate_Lucerne_28716,034_C.albellus_Brienz_123751,0.00889417,0.114729,0.0108975
070_C.alpnacherfelchen_Lucerne_26004,0108_C.pelagic_intermediate_Lucerne_28716,034_C.albellus_Brienz_123751,0.00058283,0.470759,0.000711047
0108_C.pelagic_intermediate_Lucerne_28716,047_C.benthic_intermediate_Lucerne_28557,061_C.albellus_Thun_123578,0.000711895,0.467194,0.000906149
047_C.benthic_intermediate_Lucerne_28557,0108_C.pelagic_intermediate_Lucerne_28716,063_C.albellus_Thun_123845,0.00531818,0.265347,0.00674766
0108_C.pelagic_intermediate_Lucerne_28716,047_C.benthic_intermediate_Lucerne_28557,064_C.albellus_Thun_123902,0.00337948,0.351808,0.00426535
0108_C.pelagic_intermediate_Lucerne_28716,048_C.pelagic_intermediate_Lucerne_28559,061_C.albellus_Thun_123578,0.00943521,0.153878,0.0117898
0108_C.pelagic_intermediate_Lucerne_28716,048_C.pelagic_intermediate_Lucerne_28559,063_C.albellus_Thun_123845,0.00915599,0.15648,0.0115083
0108_C.pelagic_intermediate_Lucerne_28716,048_C.pelagic_intermediate_Lucerne_28559,064_C.albellus_Thun_123902,0.0125709,0.0928119,0.0156146
050_C.benthic_intermediate_Lucerne_28648,0108_C.pelagic_intermediate_Lucerne_28716,061_C.albellus_Thun_123578,0.0153831,0.0356259,0.0188421
050_C.benthic_intermediate_Lucerne_28648,0108_C.pelagic_intermediate_Lucerne_28716,063_C.albellus_Thun_123845,0.0155403,0.0330081,0.0191555
050_C.benthic_intermediate_Lucerne_28648,0108_C.pelagic_intermediate_Lucerne_28716,064_C.albellus_Thun_123902,0.0196432,0.0110881,0.0237597
066_C.alpnacherfelchen_Lucerne_26003,0108_C.pelagic_intermediate_Lucerne_28716,061_C.albellus_Thun_123578,0.0156572,0.0381683,0.0197631
068_C.alpnacherfelchen_Lucerne_26020,0108_C.pelagic_intermediate_Lucerne_28716,061_C.albellus_Thun_123578,0.00390032,0.314286,0.00490991
070_C.alpnacherfelchen_Lucerne_26004,0108_C.pelagic_intermediate_Lucerne_28716,061_C.albellus_Thun_123578,0.00419244,0.319408,0.00520667
066_C.alpnacherfelchen_Lucerne_26003,0108_C.pelagic_intermediate_Lucerne_28716,063_C.albellus_Thun_123845,0.0143845,0.0524296,0.018295
068_C.alpnacherfelchen_Lucerne_26020,0108_C.pelagic_intermediate_Lucerne_28716,063_C.albellus_Thun_123845,0.00551339,0.244524,0.00697127
070_C.alpnacherfelchen_Lucerne_26004,0108_C.pelagic_intermediate_Lucerne_28716,063_C.albellus_Thun_123845,0.00890655,0.152598,0.0110306
066_C.alpnacherfelchen_Lucerne_26003,0108_C.pelagic_intermediate_Lucerne_28716,064_C.albellus_Thun_123902,0.0152866,0.0456732,0.0191103
068_C.alpnacherfelchen_Lucerne_26020,0108_C.pelagic_intermediate_Lucerne_28716,064_C.albellus_Thun_123902,0.0119425,0.071461,0.0147438
070_C.alpnacherfelchen_Lucerne_26004,0108_C.pelagic_intermediate_Lucerne_28716,064_C.albellus_Thun_123902,0.00919741,0.150881,0.011236
0114_C.bodenbalchen_Lucerne_28418,0109_C.pelagic_intermediate_Lucerne_28719,032_C.albellus_Brienz_123711,0.0155119,0.0341181,0.0185217
0114_C.bodenbalchen_Lucerne_28418,0109_C.pelagic_intermediate_Lucerne_28719,033_C.albellus_Brienz_123747,0.0134089,0.0541544,0.0160488
0114_C.bodenbalchen_Lucerne_28418,0109_C.pelagic_intermediate_Lucerne_28719,034_C.albellus_Brienz_123751,0.00953768,0.10868,0.0114169
0114_C.bodenbalchen_Lucerne_28418,0109_C.pelagic_intermediate_Lucerne_28719,061_C.albellus_Thun_123578,0.00471244,0.285369,0.00578752
0114_C.bodenbalchen_Lucerne_28418,0109_C.pelagic_intermediate_Lucerne_28719,063_C.albellus_Thun_123845,0.0047072,0.284448,0.00583585
0114_C.bodenbalchen_Lucerne_28418,0109_C.pelagic_intermediate_Lucerne_28719,064_C.albellus_Thun_123902,0.0156042,0.0336545,0.0188517
0118_C.bodenbalchen_Lucerne_28449,0109_C.pelagic_intermediate_Lucerne_28719,032_C.albellus_Brienz_123711,0.0176042,0.0237541,0.0208889
0118_C.bodenbalchen_Lucerne_28449,0109_C.pelagic_intermediate_Lucerne_28719,033_C.albellus_Brienz_123747,0.015624,0.0423085,0.0186053
0118_C.bodenbalchen_Lucerne_28449,0109_C.pelagic_intermediate_Lucerne_28719,034_C.albellus_Brienz_123751,0.0114566,0.0683699,0.0136499
0118_C.bodenbalchen_Lucerne_28449,0109_C.pelagic_intermediate_Lucerne_28719,061_C.albellus_Thun_123578,0.00983133,0.131146,0.0119521
0118_C.bodenbalchen_Lucerne_28449,0109_C.pelagic_intermediate_Lucerne_28719,063_C.albellus_Thun_123845,0.0150444,0.0382721,0.0183509
0118_C.bodenbalchen_Lucerne_28449,0109_C.pelagic_intermediate_Lucerne_28719,064_C.albellus_Thun_123902,0.0186782,0.0189906,0.0224475
0119_C.bodenbalchen_Lucerne_28500,0109_C.pelagic_intermediate_Lucerne_28719,032_C.albellus_Brienz_123711,0.00991952,0.142511,0.0117432
0119_C.bodenbalchen_Lucerne_28500,0109_C.pelagic_intermediate_Lucerne_28719,033_C.albellus_Brienz_123747,0.0112336,0.117619,0.0132905
0109_C.pelagic_intermediate_Lucerne_28719,0119_C.bodenbalchen_Lucerne_28500,034_C.albellus_Brienz_123751,0.00106774,0.450821,0.00127427
0119_C.bodenbalchen_Lucerne_28500,0109_C.pelagic_intermediate_Lucerne_28719,061_C.albellus_Thun_123578,0.00249152,0.390093,0.00301583
0119_C.bodenbalchen_Lucerne_28500,0109_C.pelagic_intermediate_Lucerne_28719,063_C.albellus_Thun_123845,0.00211948,0.407443,0.00259945
0119_C.bodenbalchen_Lucerne_28500,0109_C.pelagic_intermediate_Lucerne_28719,064_C.albellus_Thun_123902,0.00616571,0.253405,0.00743416
0109_C.pelagic_intermediate_Lucerne_28719,047_C.benthic_intermediate_Lucerne_28557,032_C.albellus_Brienz_123711,0.00163793,0.424425,0.00200783
0109_C.pelagic_intermediate_Lucerne_28719,048_C.pelagic_intermediate_Lucerne_28559,032_C.albellus_Brienz_123711,0.0235243,0.00398037,0.0284732
050_C.benthic_intermediate_Lucerne_28648,0109_C.pelagic_intermediate_Lucerne_28719,032_C.albellus_Brienz_123711,0.0154366,0.0302775,0.0183043
066_C.alpnacherfelchen_Lucerne_26003,0109_C.pelagic_intermediate_Lucerne_28719,032_C.albellus_Brienz_123711,0.00216464,0.402365,0.00269752
068_C.alpnacherfelchen_Lucerne_26020,0109_C.pelagic_intermediate_Lucerne_28719,032_C.albellus_Brienz_123711,0.00188941,0.413753,0.00235598
0109_C.pelagic_intermediate_Lucerne_28719,070_C.alpnacherfelchen_Lucerne_26004,032_C.albellus_Brienz_123711,0.00702149,0.209575,0.00857749
0109_C.pelagic_intermediate_Lucerne_28719,047_C.benthic_intermediate_Lucerne_28557,033_C.albellus_Brienz_123747,0.00572836,0.254499,0.00703181
0109_C.pelagic_intermediate_Lucerne_28719,048_C.pelagic_intermediate_Lucerne_28559,033_C.albellus_Brienz_123747,0.0239276,0.0034025,0.0289949
050_C.benthic_intermediate_Lucerne_28648,0109_C.pelagic_intermediate_Lucerne_28719,033_C.albellus_Brienz_123747,0.0035186,0.341493,0.00424428
066_C.alpnacherfelchen_Lucerne_26003,0109_C.pelagic_intermediate_Lucerne_28719,033_C.albellus_Brienz_123747,0.00901239,0.152457,0.011132
068_C.alpnacherfelchen_Lucerne_26020,0109_C.pelagic_intermediate_Lucerne_28719,033_C.albellus_Brienz_123747,0.00266224,0.383428,0.00331573
0109_C.pelagic_intermediate_Lucerne_28719,070_C.alpnacherfelchen_Lucerne_26004,033_C.albellus_Brienz_123747,0.00959279,0.140523,0.0117342
0109_C.pelagic_intermediate_Lucerne_28719,047_C.benthic_intermediate_Lucerne_28557,034_C.albellus_Brienz_123751,0.0094769,0.111611,0.0115816
0109_C.pelagic_intermediate_Lucerne_28719,048_C.pelagic_intermediate_Lucerne_28559,034_C.albellus_Brienz_123751,0.0181739,0.00860032,0.0218405
050_C.benthic_intermediate_Lucerne_28648,0109_C.pelagic_intermediate_Lucerne_28719,034_C.albellus_Brienz_123751,0.00211256,0.389327,0.00253768
066_C.alpnacherfelchen_Lucerne_26003,0109_C.pelagic_intermediate_Lucerne_28719,034_C.albellus_Brienz_123751,0.000829694,0.457529,0.00102811
0109_C.pelagic_intermediate_Lucerne_28719,068_C.alpnacherfelchen_Lucerne_26020,034_C.albellus_Brienz_123751,0.00188571,0.404811,0.00234084
0109_C.pelagic_intermediate_Lucerne_28719,070_C.alpnacherfelchen_Lucerne_26004,034_C.albellus_Brienz_123751,0.0102653,0.093411,0.0124882
0109_C.pelagic_intermediate_Lucerne_28719,047_C.benthic_intermediate_Lucerne_28557,061_C.albellus_Thun_123578,0.0128301,0.0681158,0.0159543
0109_C.pelagic_intermediate_Lucerne_28719,047_C.benthic_intermediate_Lucerne_28557,063_C.albellus_Thun_123845,0.00314553,0.354321,0.00395783
0109_C.pelagic_intermediate_Lucerne_28719,047_C.benthic_intermediate_Lucerne_28557,064_C.albellus_Thun_123902,0.00962184,0.133011,0.0119638
0109_C.pelagic_intermediate_Lucerne_28719,048_C.pelagic_intermediate_Lucerne_28559,061_C.albellus_Thun_123578,0.0217554,0.00544271,0.0266912
0109_C.pelagic_intermediate_Lucerne_28719,048_C.pelagic_intermediate_Lucerne_28559,063_C.albellus_Thun_123845,0.0177492,0.0154375,0.0220672
0109_C.pelagic_intermediate_Lucerne_28719,048_C.pelagic_intermediate_Lucerne_28559,064_C.albellus_Thun_123902,0.0189313,0.0153191,0.0232187
050_C.benthic_intermediate_Lucerne_28648,0109_C.pelagic_intermediate_Lucerne_28719,061_C.albellus_Thun_123578,0.00310546,0.35615,0.00379738
050_C.benthic_intermediate_Lucerne_28648,0109_C.pelagic_intermediate_Lucerne_28719,063_C.albellus_Thun_123845,0.00693836,0.203814,0.00854806
050_C.benthic_intermediate_Lucerne_28648,0109_C.pelagic_intermediate_Lucerne_28719,064_C.albellus_Thun_123902,0.0133597,0.0550973,0.0160905
066_C.alpnacherfelchen_Lucerne_26003,0109_C.pelagic_intermediate_Lucerne_28719,061_C.albellus_Thun_123578,0.00376276,0.331689,0.00474378
0109_C.pelagic_intermediate_Lucerne_28719,068_C.alpnacherfelchen_Lucerne_26020,061_C.albellus_Thun_123578,0.0080758,0.171106,0.0102265
0109_C.pelagic_intermediate_Lucerne_28719,070_C.alpnacherfelchen_Lucerne_26004,061_C.albellus_Thun_123578,0.00802054,0.173572,0.00994559
066_C.alpnacherfelchen_Lucerne_26003,0109_C.pelagic_intermediate_Lucerne_28719,063_C.albellus_Thun_123845,0.00606534,0.23797,0.00769655
0109_C.pelagic_intermediate_Lucerne_28719,068_C.alpnacherfelchen_Lucerne_26020,063_C.albellus_Thun_123845,0.00292064,0.364351,0.00373921
070_C.alpnacherfelchen_Lucerne_26004,0109_C.pelagic_intermediate_Lucerne_28719,063_C.albellus_Thun_123845,0.000285911,0.486917,0.000357489
066_C.alpnacherfelchen_Lucerne_26003,0109_C.pelagic_intermediate_Lucerne_28719,064_C.albellus_Thun_123902,0.0091789,0.141862,0.0114877
068_C.alpnacherfelchen_Lucerne_26020,0109_C.pelagic_intermediate_Lucerne_28719,064_C.albellus_Thun_123902,0.00561891,0.260011,0.00705121
070_C.alpnacherfelchen_Lucerne_26004,0109_C.pelagic_intermediate_Lucerne_28719,064_C.albellus_Thun_123902,0.00285485,0.372469,0.00352546
0110_C.zugensis_Lucerne_28486,0111_C.zugensis_Lucerne_28494,032_C.albellus_Brienz_123711,0.00941336,0.151705,0.0105392
0110_C.zugensis_Lucerne_28486,0111_C.zugensis_Lucerne_28494,033_C.albellus_Brienz_123747,0.0063695,0.23251,0.00716071
0110_C.zugensis_Lucerne_28486,0111_C.zugensis_Lucerne_28494,034_C.albellus_Brienz_123751,0.0122222,0.0549727,0.0135751
0110_C.zugensis_Lucerne_28486,0111_C.zugensis_Lucerne_28494,061_C.albellus_Thun_123578,0.0175936,0.0248118,0.0196993
0110_C.zugensis_Lucerne_28486,0111_C.zugensis_Lucerne_28494,063_C.albellus_Thun_123845,0.00660871,0.227672,0.00756315
0110_C.zugensis_Lucerne_28486,0111_C.zugensis_Lucerne_28494,064_C.albellus_Thun_123902,0.0133929,0.0665834,0.0149621
0110_C.zugensis_Lucerne_28486,0113_C.zugensis_Lucerne_28700,032_C.albellus_Brienz_123711,0.0116892,0.111565,0.0131208
0110_C.zugensis_Lucerne_28486,0113_C.zugensis_Lucerne_28700,033_C.albellus_Brienz_123747,0.00191248,0.41896,0.00215828
0110_C.zugensis_Lucerne_28486,0113_C.zugensis_Lucerne_28700,034_C.albellus_Brienz_123751,0.0116744,0.0690673,0.0130264
0110_C.zugensis_Lucerne_28486,0113_C.zugensis_Lucerne_28700,061_C.albellus_Thun_123578,0.0227433,0.00789558,0.0256434
0110_C.zugensis_Lucerne_28486,0113_C.zugensis_Lucerne_28700,063_C.albellus_Thun_123845,0.0054828,0.276772,0.00629724
0110_C.zugensis_Lucerne_28486,0113_C.zugensis_Lucerne_28700,064_C.albellus_Thun_123902,0.0179469,0.0284734,0.0200962
048_C.pelagic_intermediate_Lucerne_28559,0110_C.zugensis_Lucerne_28486,032_C.albellus_Brienz_123711,0.0306292,0.000442929,0.0368847
070_C.alpnacherfelchen_Lucerne_26004,0110_C.zugensis_Lucerne_28486,032_C.albellus_Brienz_123711,0.0470744,4.99134e-07,0.0562182
048_C.pelagic_intermediate_Lucerne_28559,0110_C.zugensis_Lucerne_28486,033_C.albellus_Brienz_123747,0.0326237,0.000170569,0.0394571
070_C.alpnacherfelchen_Lucerne_26004,0110_C.zugensis_Lucerne_28486,033_C.albellus_Brienz_123747,0.04679,4.29226e-07,0.0561991
048_C.pelagic_intermediate_Lucerne_28559,0110_C.zugensis_Lucerne_28486,034_C.albellus_Brienz_123751,0.0341447,7.79258e-06,0.0406652
070_C.alpnacherfelchen_Lucerne_26004,0110_C.zugensis_Lucerne_28486,034_C.albellus_Brienz_123751,0.0415883,2.49493e-07,0.0497516
048_C.pelagic_intermediate_Lucerne_28559,0110_C.zugensis_Lucerne_28486,061_C.albellus_Thun_123578,0.0221711,0.00658462,0.0270303
048_C.pelagic_intermediate_Lucerne_28559,0110_C.zugensis_Lucerne_28486,063_C.albellus_Thun_123845,0.031747,0.000145033,0.0390242
048_C.pelagic_intermediate_Lucerne_28559,0110_C.zugensis_Lucerne_28486,064_C.albellus_Thun_123902,0.0214184,0.00964414,0.0260136
070_C.alpnacherfelchen_Lucerne_26004,0110_C.zugensis_Lucerne_28486,061_C.albellus_Thun_123578,0.0358354,7.50921e-05,0.0434444
070_C.alpnacherfelchen_Lucerne_26004,0110_C.zugensis_Lucerne_28486,063_C.albellus_Thun_123845,0.0497335,4.97424e-08,0.0605248
070_C.alpnacherfelchen_Lucerne_26004,0110_C.zugensis_Lucerne_28486,064_C.albellus_Thun_123902,0.0434966,1.99141e-06,0.0519864
0111_C.zugensis_Lucerne_28494,0113_C.zugensis_Lucerne_28700,032_C.albellus_Brienz_123711,0.00230864,0.391721,0.00261123
0113_C.zugensis_Lucerne_28700,0111_C.zugensis_Lucerne_28494,033_C.albellus_Brienz_123747,0.00445304,0.296926,0.0050278
0113_C.zugensis_Lucerne_28700,0111_C.zugensis_Lucerne_28494,034_C.albellus_Brienz_123751,0.000505007,0.473534,0.000567921
0111_C.zugensis_Lucerne_28494,0113_C.zugensis_Lucerne_28700,061_C.albellus_Thun_123578,0.00524973,0.252211,0.00600486
0113_C.zugensis_Lucerne_28700,0111_C.zugensis_Lucerne_28494,063_C.albellus_Thun_123845,0.00110205,0.445687,0.00126794
0111_C.zugensis_Lucerne_28494,0113_C.zugensis_Lucerne_28700,064_C.albellus_Thun_123902,0.00460083,0.286923,0.00521033
048_C.pelagic_intermediate_Lucerne_28559,0111_C.zugensis_Lucerne_28494,032_C.albellus_Brienz_123711,0.0390151,4.23274e-07,0.0470365
048_C.pelagic_intermediate_Lucerne_28559,0111_C.zugensis_Lucerne_28494,033_C.albellus_Brienz_123747,0.0384085,3.64773e-07,0.0462761
070_C.alpnacherfelchen_Lucerne_26004,0111_C.zugensis_Lucerne_28494,033_C.albellus_Brienz_123747,0.0525532,7.7695e-09,0.063032
048_C.pelagic_intermediate_Lucerne_28559,0111_C.zugensis_Lucerne_28494,034_C.albellus_Brienz_123751,0.0451517,5.68304e-10,0.0536479
070_C.alpnacherfelchen_Lucerne_26004,0111_C.zugensis_Lucerne_28494,034_C.albellus_Brienz_123751,0.0524605,1.5474e-10,0.0626141
048_C.pelagic_intermediate_Lucerne_28559,0111_C.zugensis_Lucerne_28494,061_C.albellus_Thun_123578,0.0378652,4.70603e-07,0.0462016
048_C.pelagic_intermediate_Lucerne_28559,0111_C.zugensis_Lucerne_28494,063_C.albellus_Thun_123845,0.0376861,1.92357e-07,0.0461926
048_C.pelagic_intermediate_Lucerne_28559,0111_C.zugensis_Lucerne_28494,064_C.albellus_Thun_123902,0.0333845,6.47496e-06,0.040537
070_C.alpnacherfelchen_Lucerne_26004,0111_C.zugensis_Lucerne_28494,061_C.albellus_Thun_123578,0.0513915,6.62471e-09,0.0623163
070_C.alpnacherfelchen_Lucerne_26004,0111_C.zugensis_Lucerne_28494,063_C.albellus_Thun_123845,0.0556659,1.96705e-10,0.0676219
070_C.alpnacherfelchen_Lucerne_26004,0111_C.zugensis_Lucerne_28494,064_C.albellus_Thun_123902,0.0554289,4.15959e-10,0.0661269
048_C.pelagic_intermediate_Lucerne_28559,0113_C.zugensis_Lucerne_28700,032_C.albellus_Brienz_123711,0.0408859,6.89658e-07,0.04952
048_C.pelagic_intermediate_Lucerne_28559,0113_C.zugensis_Lucerne_28700,033_C.albellus_Brienz_123747,0.0342343,1.87873e-05,0.041512
070_C.alpnacherfelchen_Lucerne_26004,0113_C.zugensis_Lucerne_28700,033_C.albellus_Brienz_123747,0.0483355,9.99382e-08,0.0582275
048_C.pelagic_intermediate_Lucerne_28559,0113_C.zugensis_Lucerne_28700,034_C.albellus_Brienz_123751,0.0444814,2.86887e-09,0.0530846
070_C.alpnacherfelchen_Lucerne_26004,0113_C.zugensis_Lucerne_28700,034_C.albellus_Brienz_123751,0.0517224,4.81296e-10,0.0620612
048_C.pelagic_intermediate_Lucerne_28559,0113_C.zugensis_Lucerne_28700,061_C.albellus_Thun_123578,0.0423632,5.5511e-08,0.0519317
048_C.pelagic_intermediate_Lucerne_28559,0113_C.zugensis_Lucerne_28700,063_C.albellus_Thun_123845,0.0365499,2.50077e-06,0.0450532
048_C.pelagic_intermediate_Lucerne_28559,0113_C.zugensis_Lucerne_28700,064_C.albellus_Thun_123902,0.0373057,4.39579e-06,0.0455921
070_C.alpnacherfelchen_Lucerne_26004,0113_C.zugensis_Lucerne_28700,061_C.albellus_Thun_123578,0.055754,1.68772e-10,0.0680353
070_C.alpnacherfelchen_Lucerne_26004,0113_C.zugensis_Lucerne_28700,063_C.albellus_Thun_123845,0.0544259,5.54738e-10,0.0665097
0118_C.bodenbalchen_Lucerne_28449,0114_C.bodenbalchen_Lucerne_28418,032_C.albellus_Brienz_123711,0.00231218,0.394442,0.00241981
0118_C.bodenbalchen_Lucerne_28449,0114_C.bodenbalchen_Lucerne_28418,033_C.albellus_Brienz_123747,0.00246682,0.383763,0.00259605
0118_C.bodenbalchen_Lucerne_28449,0114_C.bodenbalchen_Lucerne_28418,034_C.albellus_Brienz_123751,0.00214747,0.392002,0.00225665
0118_C.bodenbalchen_Lucerne_28449,0114_C.bodenbalchen_Lucerne_28418,061_C.albellus_Thun_123578,0.00577148,0.242649,0.00619961
0118_C.bodenbalchen_Lucerne_28449,0114_C.bodenbalchen_Lucerne_28418,063_C.albellus_Thun_123845,0.0116416,0.0832244,0.0125706
0118_C.bodenbalchen_Lucerne_28449,0114_C.bodenbalchen_Lucerne_28418,064_C.albellus_Thun_123902,0.00343974,0.347897,0.00365346
0114_C.bodenbalchen_Lucerne_28418,0119_C.bodenbalchen_Lucerne_28500,032_C.albellus_Brienz_123711,0.00657984,0.235584,0.00685267
0114_C.bodenbalchen_Lucerne_28418,0119_C.bodenbalchen_Lucerne_28500,033_C.albellus_Brienz_123747,0.00268406,0.382641,0.00281118
0114_C.bodenbalchen_Lucerne_28418,0119_C.bodenbalchen_Lucerne_28500,034_C.albellus_Brienz_123751,0.0121215,0.0622122,0.0126771
0114_C.bodenbalchen_Lucerne_28418,0119_C.bodenbalchen_Lucerne_28500,061_C.albellus_Thun_123578,0.0025901,0.385356,0.00277932
0114_C.bodenbalchen_Lucerne_28418,0119_C.bodenbalchen_Lucerne_28500,063_C.albellus_Thun_123845,0.00300104,0.373384,0.00325162
0114_C.bodenbalchen_Lucerne_28418,0119_C.bodenbalchen_Lucerne_28500,064_C.albellus_Thun_123902,0.0108859,0.121668,0.01152
0114_C.bodenbalchen_Lucerne_28418,047_C.benthic_intermediate_Lucerne_28557,032_C.albellus_Brienz_123711,0.017126,0.0270502,0.0204772
0114_C.bodenbalchen_Lucerne_28418,048_C.pelagic_intermediate_Lucerne_28559,032_C.albellus_Brienz_123711,0.039269,1.84119e-06,0.0464822
0114_C.bodenbalchen_Lucerne_28418,050_C.benthic_intermediate_Lucerne_28648,032_C.albellus_Brienz_123711,0.000204186,0.489424,0.000226127
0114_C.bodenbalchen_Lucerne_28418,066_C.alpnacherfelchen_Lucerne_26003,032_C.albellus_Brienz_123711,0.0134657,0.0419704,0.0158561
0114_C.bodenbalchen_Lucerne_28418,068_C.alpnacherfelchen_Lucerne_26020,032_C.albellus_Brienz_123711,0.0139009,0.0585902,0.0162129
0114_C.bodenbalchen_Lucerne_28418,070_C.alpnacherfelchen_Lucerne_26004,032_C.albellus_Brienz_123711,0.0228295,0.0088312,0.0269134
0114_C.bodenbalchen_Lucerne_28418,047_C.benthic_intermediate_Lucerne_28557,033_C.albellus_Brienz_123747,0.0191258,0.0152684,0.0229539
0114_C.bodenbalchen_Lucerne_28418,048_C.pelagic_intermediate_Lucerne_28559,033_C.albellus_Brienz_123747,0.0375495,4.51787e-06,0.0445674
0114_C.bodenbalchen_Lucerne_28418,050_C.benthic_intermediate_Lucerne_28648,033_C.albellus_Brienz_123747,0.0106097,0.0850645,0.0118596
0114_C.bodenbalchen_Lucerne_28418,066_C.alpnacherfelchen_Lucerne_26003,033_C.albellus_Brienz_123747,0.00421831,0.292628,0.00498035
0114_C.bodenbalchen_Lucerne_28418,068_C.alpnacherfelchen_Lucerne_26020,033_C.albellus_Brienz_123747,0.0109423,0.0993585,0.0127793
0114_C.bodenbalchen_Lucerne_28418,070_C.alpnacherfelchen_Lucerne_26004,033_C.albellus_Brienz_123747,0.0233245,0.00695208,0.0276006
0114_C.bodenbalchen_Lucerne_28418,047_C.benthic_intermediate_Lucerne_28557,034_C.albellus_Brienz_123751,0.0190277,0.00731873,0.0228491
0114_C.bodenbalchen_Lucerne_28418,048_C.pelagic_intermediate_Lucerne_28559,034_C.albellus_Brienz_123751,0.0278654,0.000116015,0.0330085
0114_C.bodenbalchen_Lucerne_28418,050_C.benthic_intermediate_Lucerne_28648,034_C.albellus_Brienz_123751,0.00796858,0.140925,0.00890488
0114_C.bodenbalchen_Lucerne_28418,066_C.alpnacherfelchen_Lucerne_26003,034_C.albellus_Brienz_123751,0.00881416,0.119112,0.0103929
0114_C.bodenbalchen_Lucerne_28418,068_C.alpnacherfelchen_Lucerne_26020,034_C.albellus_Brienz_123751,0.0117358,0.056242,0.0137246
0114_C.bodenbalchen_Lucerne_28418,070_C.alpnacherfelchen_Lucerne_26004,034_C.albellus_Brienz_123751,0.0200674,0.00649724,0.0237872
0114_C.bodenbalchen_Lucerne_28418,047_C.benthic_intermediate_Lucerne_28557,061_C.albellus_Thun_123578,0.0175954,0.0236101,0.0216741
0114_C.bodenbalchen_Lucerne_28418,047_C.benthic_intermediate_Lucerne_28557,063_C.albellus_Thun_123845,0.00785486,0.185178,0.00978258
0114_C.bodenbalchen_Lucerne_28418,047_C.benthic_intermediate_Lucerne_28557,064_C.albellus_Thun_123902,0.0252015,0.00231107,0.0306113
0114_C.bodenbalchen_Lucerne_28418,048_C.pelagic_intermediate_Lucerne_28559,061_C.albellus_Thun_123578,0.026571,0.000808481,0.0323109
0114_C.bodenbalchen_Lucerne_28418,048_C.pelagic_intermediate_Lucerne_28559,063_C.albellus_Thun_123845,0.0225652,0.00276523,0.0277603
0114_C.bodenbalchen_Lucerne_28418,048_C.pelagic_intermediate_Lucerne_28559,064_C.albellus_Thun_123902,0.0347443,1.94232e-05,0.0416729
0114_C.bodenbalchen_Lucerne_28418,050_C.benthic_intermediate_Lucerne_28648,061_C.albellus_Thun_123578,0.00174509,0.408088,0.00199973
050_C.benthic_intermediate_Lucerne_28648,0114_C.bodenbalchen_Lucerne_28418,063_C.albellus_Thun_123845,0.00234959,0.380099,0.00270997
0114_C.bodenbalchen_Lucerne_28418,050_C.benthic_intermediate_Lucerne_28648,064_C.albellus_Thun_123902,0.00248724,0.372301,0.00280641
0114_C.bodenbalchen_Lucerne_28418,066_C.alpnacherfelchen_Lucerne_26003,061_C.albellus_Thun_123578,0.000870599,0.454669,0.0010535
0114_C.bodenbalchen_Lucerne_28418,068_C.alpnacherfelchen_Lucerne_26020,061_C.albellus_Thun_123578,0.0133011,0.0598633,0.0159635
0114_C.bodenbalchen_Lucerne_28418,070_C.alpnacherfelchen_Lucerne_26004,061_C.albellus_Thun_123578,0.0129085,0.0866262,0.015678
066_C.alpnacherfelchen_Lucerne_26003,0114_C.bodenbalchen_Lucerne_28418,063_C.albellus_Thun_123845,0.00152884,0.420435,0.00186818
0114_C.bodenbalchen_Lucerne_28418,068_C.alpnacherfelchen_Lucerne_26020,063_C.albellus_Thun_123845,0.0078741,0.181747,0.00956074
0114_C.bodenbalchen_Lucerne_28418,070_C.alpnacherfelchen_Lucerne_26004,063_C.albellus_Thun_123845,0.00447782,0.314899,0.00549353
0114_C.bodenbalchen_Lucerne_28418,066_C.alpnacherfelchen_Lucerne_26003,064_C.albellus_Thun_123902,0.00625132,0.2096,0.00747525
0114_C.bodenbalchen_Lucerne_28418,068_C.alpnacherfelchen_Lucerne_26020,064_C.albellus_Thun_123902,0.0100667,0.122544,0.0118916
0114_C.bodenbalchen_Lucerne_28418,070_C.alpnacherfelchen_Lucerne_26004,064_C.albellus_Thun_123902,0.0128877,0.086596,0.0154129
0118_C.bodenbalchen_Lucerne_28449,0119_C.bodenbalchen_Lucerne_28500,032_C.albellus_Brienz_123711,0.00908557,0.158355,0.00926738
0118_C.bodenbalchen_Lucerne_28449,0119_C.bodenbalchen_Lucerne_28500,033_C.albellus_Brienz_123747,0.00527623,0.283699,0.00538961
0118_C.bodenbalchen_Lucerne_28449,0119_C.bodenbalchen_Lucerne_28500,034_C.albellus_Brienz_123751,0.0145752,0.0318845,0.0149076
0118_C.bodenbalchen_Lucerne_28449,0119_C.bodenbalchen_Lucerne_28500,061_C.albellus_Thun_123578,0.00857921,0.168161,0.00896443
0118_C.bodenbalchen_Lucerne_28449,0119_C.bodenbalchen_Lucerne_28500,063_C.albellus_Thun_123845,0.0150624,0.0497129,0.0158042
0118_C.bodenbalchen_Lucerne_28449,0119_C.bodenbalchen_Lucerne_28500,064_C.albellus_Thun_123902,0.0146369,0.055495,0.0151298
0118_C.bodenbalchen_Lucerne_28449,047_C.benthic_intermediate_Lucerne_28557,032_C.albellus_Brienz_123711,0.0190157,0.0194725,0.0228687
0118_C.bodenbalchen_Lucerne_28449,048_C.pelagic_intermediate_Lucerne_28559,032_C.albellus_Brienz_123711,0.0415367,8.94333e-09,0.0487329
0118_C.bodenbalchen_Lucerne_28449,050_C.benthic_intermediate_Lucerne_28648,032_C.albellus_Brienz_123711,0.0024189,0.385758,0.00264441
0118_C.bodenbalchen_Lucerne_28449,066_C.alpnacherfelchen_Lucerne_26003,032_C.albellus_Brienz_123711,0.0156997,0.0341608,0.0182416
0118_C.bodenbalchen_Lucerne_28449,068_C.alpnacherfelchen_Lucerne_26020,032_C.albellus_Brienz_123711,0.0159826,0.0370763,0.0185854
0118_C.bodenbalchen_Lucerne_28449,070_C.alpnacherfelchen_Lucerne_26004,032_C.albellus_Brienz_123711,0.0246968,0.00422723,0.0292458
0118_C.bodenbalchen_Lucerne_28449,047_C.benthic_intermediate_Lucerne_28557,033_C.albellus_Brienz_123747,0.0211559,0.0101584,0.0255029
0118_C.bodenbalchen_Lucerne_28449,048_C.pelagic_intermediate_Lucerne_28559,033_C.albellus_Brienz_123747,0.0399786,3.30907e-08,0.0470965
0118_C.bodenbalchen_Lucerne_28449,050_C.benthic_intermediate_Lucerne_28648,033_C.albellus_Brienz_123747,0.0131229,0.056113,0.014415
0118_C.bodenbalchen_Lucerne_28449,066_C.alpnacherfelchen_Lucerne_26003,033_C.albellus_Brienz_123747,0.00649073,0.221544,0.0075557
0118_C.bodenbalchen_Lucerne_28449,068_C.alpnacherfelchen_Lucerne_26020,033_C.albellus_Brienz_123747,0.0131524,0.0712636,0.0153541
0118_C.bodenbalchen_Lucerne_28449,070_C.alpnacherfelchen_Lucerne_26004,033_C.albellus_Brienz_123747,0.0253273,0.00391606,0.0301191
0118_C.bodenbalchen_Lucerne_28449,047_C.benthic_intermediate_Lucerne_28557,034_C.albellus_Brienz_123751,0.0207645,0.00334168,0.025056
0118_C.bodenbalchen_Lucerne_28449,048_C.pelagic_intermediate_Lucerne_28559,034_C.albellus_Brienz_123751,0.0299244,2.18658e-05,0.0351752
0118_C.bodenbalchen_Lucerne_28449,050_C.benthic_intermediate_Lucerne_28648,034_C.albellus_Brienz_123751,0.0101273,0.0926961,0.011144
0118_C.bodenbalchen_Lucerne_28449,066_C.alpnacherfelchen_Lucerne_26003,034_C.albellus_Brienz_123751,0.0108527,0.0904901,0.0126325
0118_C.bodenbalchen_Lucerne_28449,068_C.alpnacherfelchen_Lucerne_26020,034_C.albellus_Brienz_123751,0.0136716,0.0347179,0.0159525
0118_C.bodenbalchen_Lucerne_28449,070_C.alpnacherfelchen_Lucerne_26004,034_C.albellus_Brienz_123751,0.0218475,0.00283237,0.0259497
0118_C.bodenbalchen_Lucerne_28449,047_C.benthic_intermediate_Lucerne_28557,061_C.albellus_Thun_123578,0.0225007,0.00518845,0.0277404
0118_C.bodenbalchen_Lucerne_28449,047_C.benthic_intermediate_Lucerne_28557,063_C.albellus_Thun_123845,0.017992,0.0205442,0.0222484
0118_C.bodenbalchen_Lucerne_28449,047_C.benthic_intermediate_Lucerne_28557,064_C.albellus_Thun_123902,0.0280137,0.00118819,0.0340984
0118_C.bodenbalchen_Lucerne_28449,048_C.pelagic_intermediate_Lucerne_28559,061_C.albellus_Thun_123578,0.0319056,3.81774e-06,0.0382903
0118_C.bodenbalchen_Lucerne_28449,048_C.pelagic_intermediate_Lucerne_28559,063_C.albellus_Thun_123845,0.0331594,1.6102e-06,0.0400167
0118_C.bodenbalchen_Lucerne_28449,048_C.pelagic_intermediate_Lucerne_28559,064_C.albellus_Thun_123902,0.0379986,1.35674e-07,0.0451109
0118_C.bodenbalchen_Lucerne_28449,050_C.benthic_intermediate_Lucerne_28648,061_C.albellus_Thun_123578,0.00729597,0.18033,0.00819202
0118_C.bodenbalchen_Lucerne_28449,050_C.benthic_intermediate_Lucerne_28648,063_C.albellus_Thun_123845,0.00877579,0.136145,0.00989515
0118_C.bodenbalchen_Lucerne_28449,050_C.benthic_intermediate_Lucerne_28648,064_C.albellus_Thun_123902,0.00580518,0.2397,0.0064519
0118_C.bodenbalchen_Lucerne_28449,066_C.alpnacherfelchen_Lucerne_26003,061_C.albellus_Thun_123578,0.00609858,0.228649,0.00724393
0118_C.bodenbalchen_Lucerne_28449,068_C.alpnacherfelchen_Lucerne_26020,061_C.albellus_Thun_123578,0.0184888,0.0172062,0.0220713
0118_C.bodenbalchen_Lucerne_28449,070_C.alpnacherfelchen_Lucerne_26004,061_C.albellus_Thun_123578,0.0179255,0.0250285,0.0217956
0118_C.bodenbalchen_Lucerne_28449,066_C.alpnacherfelchen_Lucerne_26003,063_C.albellus_Thun_123845,0.00899135,0.136291,0.0107225
0118_C.bodenbalchen_Lucerne_28449,068_C.alpnacherfelchen_Lucerne_26020,063_C.albellus_Thun_123845,0.0183943,0.0134224,0.0220016
0118_C.bodenbalchen_Lucerne_28449,070_C.alpnacherfelchen_Lucerne_26004,063_C.albellus_Thun_123845,0.014797,0.0496721,0.0179972
0118_C.bodenbalchen_Lucerne_28449,066_C.alpnacherfelchen_Lucerne_26003,064_C.albellus_Thun_123902,0.00943124,0.130543,0.0110896
0118_C.bodenbalchen_Lucerne_28449,068_C.alpnacherfelchen_Lucerne_26020,064_C.albellus_Thun_123902,0.0131786,0.0700163,0.0155245
0118_C.bodenbalchen_Lucerne_28449,070_C.alpnacherfelchen_Lucerne_26004,064_C.albellus_Thun_123902,0.0158463,0.0454096,0.0189899
0119_C.bodenbalchen_Lucerne_28500,047_C.benthic_intermediate_Lucerne_28557,032_C.albellus_Brienz_123711,0.0113795,0.104964,0.0137079
0119_C.bodenbalchen_Lucerne_28500,048_C.pelagic_intermediate_Lucerne_28559,032_C.albellus_Brienz_123711,0.0338983,6.30196e-05,0.0399246
050_C.benthic_intermediate_Lucerne_28648,0119_C.bodenbalchen_Lucerne_28500,032_C.albellus_Brienz_123711,0.0060571,0.245844,0.00662214
0119_C.bodenbalchen_Lucerne_28500,066_C.alpnacherfelchen_Lucerne_26003,032_C.albellus_Brienz_123711,0.0077421,0.209108,0.00906841
0119_C.bodenbalchen_Lucerne_28500,068_C.alpnacherfelchen_Lucerne_26020,032_C.albellus_Brienz_123711,0.00799934,0.153538,0.00940791
0119_C.bodenbalchen_Lucerne_28500,070_C.alpnacherfelchen_Lucerne_26004,032_C.albellus_Brienz_123711,0.0169821,0.0408457,0.0201631
0119_C.bodenbalchen_Lucerne_28500,047_C.benthic_intermediate_Lucerne_28557,033_C.albellus_Brienz_123747,0.0167594,0.0358846,0.0201849
0119_C.bodenbalchen_Lucerne_28500,048_C.pelagic_intermediate_Lucerne_28559,033_C.albellus_Brienz_123747,0.035648,5.66118e-05,0.0418856
0119_C.bodenbalchen_Lucerne_28500,050_C.benthic_intermediate_Lucerne_28648,033_C.albellus_Brienz_123747,0.00824311,0.181531,0.00907018
0119_C.bodenbalchen_Lucerne_28500,066_C.alpnacherfelchen_Lucerne_26003,033_C.albellus_Brienz_123747,0.00186478,0.422374,0.00217826
0119_C.bodenbalchen_Lucerne_28500,068_C.alpnacherfelchen_Lucerne_26020,033_C.albellus_Brienz_123747,0.00851751,0.145945,0.00999736
0119_C.bodenbalchen_Lucerne_28500,070_C.alpnacherfelchen_Lucerne_26004,033_C.albellus_Brienz_123747,0.0208841,0.0164056,0.0248293
0119_C.bodenbalchen_Lucerne_28500,047_C.benthic_intermediate_Lucerne_28557,034_C.albellus_Brienz_123751,0.00845302,0.138032,0.0103189
0119_C.bodenbalchen_Lucerne_28500,048_C.pelagic_intermediate_Lucerne_28559,034_C.albellus_Brienz_123751,0.0173636,0.0129726,0.0206179
050_C.benthic_intermediate_Lucerne_28648,0119_C.bodenbalchen_Lucerne_28500,034_C.albellus_Brienz_123751,0.00343461,0.333137,0.00381209
066_C.alpnacherfelchen_Lucerne_26003,0119_C.bodenbalchen_Lucerne_28500,034_C.albellus_Brienz_123751,0.00195228,0.403051,0.00230135
0119_C.bodenbalchen_Lucerne_28500,068_C.alpnacherfelchen_Lucerne_26020,034_C.albellus_Brienz_123751,0.000898697,0.452927,0.00106842
0119_C.bodenbalchen_Lucerne_28500,070_C.alpnacherfelchen_Lucerne_26004,034_C.albellus_Brienz_123751,0.00934384,0.129667,0.011223
0119_C.bodenbalchen_Lucerne_28500,047_C.benthic_intermediate_Lucerne_28557,061_C.albellus_Thun_123578,0.0153085,0.0469856,0.0189644
0119_C.bodenbalchen_Lucerne_28500,047_C.benthic_intermediate_Lucerne_28557,063_C.albellus_Thun_123845,0.00523043,0.285662,0.00654241
0119_C.bodenbalchen_Lucerne_28500,047_C.benthic_intermediate_Lucerne_28557,064_C.albellus_Thun_123902,0.0156609,0.0477624,0.0193294
0119_C.bodenbalchen_Lucerne_28500,048_C.pelagic_intermediate_Lucerne_28559,061_C.albellus_Thun_123578,0.0246068,0.00282984,0.0296371
0119_C.bodenbalchen_Lucerne_28500,048_C.pelagic_intermediate_Lucerne_28559,063_C.albellus_Thun_123845,0.0201638,0.0112476,0.0246369
0119_C.bodenbalchen_Lucerne_28500,048_C.pelagic_intermediate_Lucerne_28559,064_C.albellus_Thun_123902,0.0253882,0.0024331,0.0304646
050_C.benthic_intermediate_Lucerne_28648,0119_C.bodenbalchen_Lucerne_28500,061_C.albellus_Thun_123578,0.00069277,0.468329,0.000780262
050_C.benthic_intermediate_Lucerne_28648,0119_C.bodenbalchen_Lucerne_28500,063_C.albellus_Thun_123845,0.00525335,0.279924,0.00595638
050_C.benthic_intermediate_Lucerne_28648,0119_C.bodenbalchen_Lucerne_28500,064_C.albellus_Thun_123902,0.00784377,0.188878,0.00874947
066_C.alpnacherfelchen_Lucerne_26003,0119_C.bodenbalchen_Lucerne_28500,061_C.albellus_Thun_123578,0.00144271,0.440117,0.00172592
0119_C.bodenbalchen_Lucerne_28500,068_C.alpnacherfelchen_Lucerne_26020,061_C.albellus_Thun_123578,0.0109701,0.0737669,0.0132078
0119_C.bodenbalchen_Lucerne_28500,070_C.alpnacherfelchen_Lucerne_26004,061_C.albellus_Thun_123578,0.0106087,0.133423,0.0129161
066_C.alpnacherfelchen_Lucerne_26003,0119_C.bodenbalchen_Lucerne_28500,063_C.albellus_Thun_123845,0.00423991,0.326013,0.00511808
0119_C.bodenbalchen_Lucerne_28500,068_C.alpnacherfelchen_Lucerne_26020,063_C.albellus_Thun_123845,0.00518603,0.253526,0.00633224
0119_C.bodenbalchen_Lucerne_28500,070_C.alpnacherfelchen_Lucerne_26004,063_C.albellus_Thun_123845,0.00182185,0.42418,0.00224665
066_C.alpnacherfelchen_Lucerne_26003,0119_C.bodenbalchen_Lucerne_28500,064_C.albellus_Thun_123902,0.00342584,0.360654,0.00407201
0119_C.bodenbalchen_Lucerne_28500,068_C.alpnacherfelchen_Lucerne_26020,064_C.albellus_Thun_123902,0.000314277,0.483794,0.000375898
0119_C.bodenbalchen_Lucerne_28500,070_C.alpnacherfelchen_Lucerne_26004,064_C.albellus_Thun_123902,0.00323671,0.366663,0.00392538
047_C.benthic_intermediate_Lucerne_28557,048_C.pelagic_intermediate_Lucerne_28559,032_C.albellus_Brienz_123711,0.021436,0.00873109,0.0264843
050_C.benthic_intermediate_Lucerne_28648,047_C.benthic_intermediate_Lucerne_28557,032_C.albellus_Brienz_123711,0.0168042,0.0363334,0.0202676
066_C.alpnacherfelchen_Lucerne_26003,047_C.benthic_intermediate_Lucerne_28557,032_C.albellus_Brienz_123711,0.00378869,0.33053,0.00469678
068_C.alpnacherfelchen_Lucerne_26020,047_C.benthic_intermediate_Lucerne_28557,032_C.albellus_Brienz_123711,0.00349564,0.353636,0.00434937
047_C.benthic_intermediate_Lucerne_28557,070_C.alpnacherfelchen_Lucerne_26004,032_C.albellus_Brienz_123711,0.00528797,0.269631,0.00658892
050_C.benthic_intermediate_Lucerne_28648,048_C.pelagic_intermediate_Lucerne_28559,032_C.albellus_Brienz_123711,0.0393716,7.69668e-07,0.0462814
068_C.alpnacherfelchen_Lucerne_26020,048_C.pelagic_intermediate_Lucerne_28559,032_C.albellus_Brienz_123711,0.0250387,0.00248567,0.0307433
070_C.alpnacherfelchen_Lucerne_26004,048_C.pelagic_intermediate_Lucerne_28559,032_C.albellus_Brienz_123711,0.0164256,0.0404614,0.020069
050_C.benthic_intermediate_Lucerne_28648,066_C.alpnacherfelchen_Lucerne_26003,032_C.albellus_Brienz_123711,0.0132555,0.0496238,0.0156403
050_C.benthic_intermediate_Lucerne_28648,068_C.alpnacherfelchen_Lucerne_26020,032_C.albellus_Brienz_123711,0.0134518,0.0487819,0.0159693
050_C.benthic_intermediate_Lucerne_28648,070_C.alpnacherfelchen_Lucerne_26004,032_C.albellus_Brienz_123711,0.0222803,0.00885727,0.026692
066_C.alpnacherfelchen_Lucerne_26003,068_C.alpnacherfelchen_Lucerne_26020,032_C.albellus_Brienz_123711,0.000280553,0.487805,0.000344463
066_C.alpnacherfelchen_Lucerne_26003,070_C.alpnacherfelchen_Lucerne_26004,032_C.albellus_Brienz_123711,0.00911972,0.161749,0.0112581
068_C.alpnacherfelchen_Lucerne_26020,070_C.alpnacherfelchen_Lucerne_26004,032_C.albellus_Brienz_123711,0.00901064,0.163477,0.0109138
047_C.benthic_intermediate_Lucerne_28557,048_C.pelagic_intermediate_Lucerne_28559,033_C.albellus_Brienz_123747,0.0177717,0.0211631,0.0221665
050_C.benthic_intermediate_Lucerne_28648,047_C.benthic_intermediate_Lucerne_28557,033_C.albellus_Brienz_123747,0.00915007,0.164498,0.0112465
066_C.alpnacherfelchen_Lucerne_26003,047_C.benthic_intermediate_Lucerne_28557,033_C.albellus_Brienz_123747,0.0147051,0.0468916,0.0180626
068_C.alpnacherfelchen_Lucerne_26020,047_C.benthic_intermediate_Lucerne_28557,033_C.albellus_Brienz_123747,0.00829159,0.183095,0.0103163
047_C.benthic_intermediate_Lucerne_28557,070_C.alpnacherfelchen_Lucerne_26004,033_C.albellus_Brienz_123747,0.00378944,0.329621,0.00473845
050_C.benthic_intermediate_Lucerne_28648,048_C.pelagic_intermediate_Lucerne_28559,033_C.albellus_Brienz_123747,0.0277137,0.000343731,0.0331294
068_C.alpnacherfelchen_Lucerne_26020,048_C.pelagic_intermediate_Lucerne_28559,033_C.albellus_Brienz_123747,0.026266,0.00155768,0.0322539
070_C.alpnacherfelchen_Lucerne_26004,048_C.pelagic_intermediate_Lucerne_28559,033_C.albellus_Brienz_123747,0.0142414,0.0674141,0.0174712
066_C.alpnacherfelchen_Lucerne_26003,050_C.benthic_intermediate_Lucerne_28648,033_C.albellus_Brienz_123747,0.00582057,0.237856,0.00690946
050_C.benthic_intermediate_Lucerne_28648,068_C.alpnacherfelchen_Lucerne_26020,033_C.albellus_Brienz_123747,0.000771803,0.463177,0.000932231
050_C.benthic_intermediate_Lucerne_28648,070_C.alpnacherfelchen_Lucerne_26004,033_C.albellus_Brienz_123747,0.0130584,0.0864974,0.0159108
066_C.alpnacherfelchen_Lucerne_26003,068_C.alpnacherfelchen_Lucerne_26020,033_C.albellus_Brienz_123747,0.00645104,0.243502,0.00783584
066_C.alpnacherfelchen_Lucerne_26003,070_C.alpnacherfelchen_Lucerne_26004,033_C.albellus_Brienz_123747,0.0185962,0.0233191,0.0227477
068_C.alpnacherfelchen_Lucerne_26020,070_C.alpnacherfelchen_Lucerne_26004,033_C.albellus_Brienz_123747,0.0123959,0.0919194,0.0150079
047_C.benthic_intermediate_Lucerne_28557,048_C.pelagic_intermediate_Lucerne_28559,034_C.albellus_Brienz_123751,0.00837454,0.13502,0.0104161
050_C.benthic_intermediate_Lucerne_28648,047_C.benthic_intermediate_Lucerne_28557,034_C.albellus_Brienz_123751,0.0115117,0.0598325,0.0140899
066_C.alpnacherfelchen_Lucerne_26003,047_C.benthic_intermediate_Lucerne_28557,034_C.albellus_Brienz_123751,0.0101767,0.104424,0.0126093
068_C.alpnacherfelchen_Lucerne_26020,047_C.benthic_intermediate_Lucerne_28557,034_C.albellus_Brienz_123751,0.00743565,0.156466,0.0092571
047_C.benthic_intermediate_Lucerne_28557,070_C.alpnacherfelchen_Lucerne_26004,034_C.albellus_Brienz_123751,0.000741271,0.464389,0.000926799
050_C.benthic_intermediate_Lucerne_28648,048_C.pelagic_intermediate_Lucerne_28559,034_C.albellus_Brienz_123751,0.0204857,0.003466,0.0243572
066_C.alpnacherfelchen_Lucerne_26003,048_C.pelagic_intermediate_Lucerne_28559,034_C.albellus_Brienz_123751,0.0185307,0.0092282,0.0228748
068_C.alpnacherfelchen_Lucerne_26020,048_C.pelagic_intermediate_Lucerne_28559,034_C.albellus_Brienz_123751,0.0159776,0.0146393,0.0195735
070_C.alpnacherfelchen_Lucerne_26004,048_C.pelagic_intermediate_Lucerne_28559,034_C.albellus_Brienz_123751,0.00778201,0.16885,0.0094853
050_C.benthic_intermediate_Lucerne_28648,066_C.alpnacherfelchen_Lucerne_26003,034_C.albellus_Brienz_123751,0.00126728,0.43423,0.00151323
050_C.benthic_intermediate_Lucerne_28648,068_C.alpnacherfelchen_Lucerne_26020,034_C.albellus_Brienz_123751,0.00404637,0.288657,0.00487363
050_C.benthic_intermediate_Lucerne_28648,070_C.alpnacherfelchen_Lucerne_26004,034_C.albellus_Brienz_123751,0.0123374,0.0556626,0.0149943
066_C.alpnacherfelchen_Lucerne_26003,068_C.alpnacherfelchen_Lucerne_26020,034_C.albellus_Brienz_123751,0.00275228,0.358197,0.00336633
066_C.alpnacherfelchen_Lucerne_26003,070_C.alpnacherfelchen_Lucerne_26004,034_C.albellus_Brienz_123751,0.0109825,0.0895372,0.0135055
068_C.alpnacherfelchen_Lucerne_26020,070_C.alpnacherfelchen_Lucerne_26004,034_C.albellus_Brienz_123751,0.00839717,0.133357,0.0101706
047_C.benthic_intermediate_Lucerne_28557,048_C.pelagic_intermediate_Lucerne_28559,061_C.albellus_Thun_123578,0.00855093,0.161657,0.0109057
047_C.benthic_intermediate_Lucerne_28557,048_C.pelagic_intermediate_Lucerne_28559,063_C.albellus_Thun_123845,0.0142916,0.0530255,0.0181598
047_C.benthic_intermediate_Lucerne_28557,048_C.pelagic_intermediate_Lucerne_28559,064_C.albellus_Thun_123902,0.00897002,0.160291,0.0113944
050_C.benthic_intermediate_Lucerne_28648,047_C.benthic_intermediate_Lucerne_28557,061_C.albellus_Thun_123578,0.0158431,0.0414429,0.0196911
050_C.benthic_intermediate_Lucerne_28648,047_C.benthic_intermediate_Lucerne_28557,063_C.albellus_Thun_123845,0.00995491,0.146019,0.0124595
050_C.benthic_intermediate_Lucerne_28648,047_C.benthic_intermediate_Lucerne_28557,064_C.albellus_Thun_123902,0.0226628,0.00752518,0.0279109
066_C.alpnacherfelchen_Lucerne_26003,047_C.benthic_intermediate_Lucerne_28557,061_C.albellus_Thun_123578,0.0164197,0.0279757,0.0206188
068_C.alpnacherfelchen_Lucerne_26020,047_C.benthic_intermediate_Lucerne_28557,061_C.albellus_Thun_123578,0.00453222,0.308254,0.00581309
070_C.alpnacherfelchen_Lucerne_26004,047_C.benthic_intermediate_Lucerne_28557,061_C.albellus_Thun_123578,0.00478829,0.288478,0.00609211
066_C.alpnacherfelchen_Lucerne_26003,047_C.benthic_intermediate_Lucerne_28557,063_C.albellus_Thun_123845,0.00919048,0.139467,0.0116284
068_C.alpnacherfelchen_Lucerne_26020,047_C.benthic_intermediate_Lucerne_28557,063_C.albellus_Thun_123845,0.000169293,0.492596,0.000217778
070_C.alpnacherfelchen_Lucerne_26004,047_C.benthic_intermediate_Lucerne_28557,063_C.albellus_Thun_123845,0.00338581,0.349663,0.00431306
066_C.alpnacherfelchen_Lucerne_26003,047_C.benthic_intermediate_Lucerne_28557,064_C.albellus_Thun_123902,0.0186717,0.0150616,0.0233002
068_C.alpnacherfelchen_Lucerne_26020,047_C.benthic_intermediate_Lucerne_28557,064_C.albellus_Thun_123902,0.0150604,0.0495613,0.018929
070_C.alpnacherfelchen_Lucerne_26004,047_C.benthic_intermediate_Lucerne_28557,064_C.albellus_Thun_123902,0.0122989,0.0784769,0.015458
050_C.benthic_intermediate_Lucerne_28648,048_C.pelagic_intermediate_Lucerne_28559,061_C.albellus_Thun_123578,0.0251216,0.00078821,0.0303782
050_C.benthic_intermediate_Lucerne_28648,048_C.pelagic_intermediate_Lucerne_28559,063_C.albellus_Thun_123845,0.0249777,0.000898775,0.0304102
050_C.benthic_intermediate_Lucerne_28648,048_C.pelagic_intermediate_Lucerne_28559,064_C.albellus_Thun_123902,0.0326046,2.23404e-05,0.0389403
066_C.alpnacherfelchen_Lucerne_26003,048_C.pelagic_intermediate_Lucerne_28559,061_C.albellus_Thun_123578,0.024977,0.00102372,0.0312766
068_C.alpnacherfelchen_Lucerne_26020,048_C.pelagic_intermediate_Lucerne_28559,061_C.albellus_Thun_123578,0.0131904,0.0645461,0.0166413
070_C.alpnacherfelchen_Lucerne_26004,048_C.pelagic_intermediate_Lucerne_28559,061_C.albellus_Thun_123578,0.0136355,0.0709721,0.016911
066_C.alpnacherfelchen_Lucerne_26003,048_C.pelagic_intermediate_Lucerne_28559,063_C.albellus_Thun_123845,0.0233834,0.00202668,0.0295832
068_C.alpnacherfelchen_Lucerne_26020,048_C.pelagic_intermediate_Lucerne_28559,063_C.albellus_Thun_123845,0.0145092,0.0474813,0.0183988
070_C.alpnacherfelchen_Lucerne_26004,048_C.pelagic_intermediate_Lucerne_28559,063_C.albellus_Thun_123845,0.0180518,0.0216846,0.0223983
068_C.alpnacherfelchen_Lucerne_26020,048_C.pelagic_intermediate_Lucerne_28559,064_C.albellus_Thun_123902,0.0243222,0.00284783,0.0301229
070_C.alpnacherfelchen_Lucerne_26004,048_C.pelagic_intermediate_Lucerne_28559,064_C.albellus_Thun_123902,0.0217894,0.0101369,0.0266042
066_C.alpnacherfelchen_Lucerne_26003,050_C.benthic_intermediate_Lucerne_28648,061_C.albellus_Thun_123578,0.000778843,0.45952,0.000945602
050_C.benthic_intermediate_Lucerne_28648,068_C.alpnacherfelchen_Lucerne_26020,061_C.albellus_Thun_123578,0.0114167,0.0769191,0.0139853
050_C.benthic_intermediate_Lucerne_28648,070_C.alpnacherfelchen_Lucerne_26004,061_C.albellus_Thun_123578,0.0110823,0.119793,0.0137023
050_C.benthic_intermediate_Lucerne_28648,066_C.alpnacherfelchen_Lucerne_26003,063_C.albellus_Thun_123845,0.000691956,0.466691,0.000845012
050_C.benthic_intermediate_Lucerne_28648,068_C.alpnacherfelchen_Lucerne_26020,063_C.albellus_Thun_123845,0.0099371,0.108186,0.0122428
050_C.benthic_intermediate_Lucerne_28648,070_C.alpnacherfelchen_Lucerne_26004,063_C.albellus_Thun_123845,0.00659596,0.238265,0.00818373
050_C.benthic_intermediate_Lucerne_28648,066_C.alpnacherfelchen_Lucerne_26003,064_C.albellus_Thun_123902,0.00390107,0.311593,0.00468398
050_C.benthic_intermediate_Lucerne_28648,068_C.alpnacherfelchen_Lucerne_26020,064_C.albellus_Thun_123902,0.00755072,0.171413,0.0091198
050_C.benthic_intermediate_Lucerne_28648,070_C.alpnacherfelchen_Lucerne_26004,064_C.albellus_Thun_123902,0.0103779,0.130319,0.0126369
066_C.alpnacherfelchen_Lucerne_26003,068_C.alpnacherfelchen_Lucerne_26020,061_C.albellus_Thun_123578,0.0119967,0.0920775,0.0149176
066_C.alpnacherfelchen_Lucerne_26003,070_C.alpnacherfelchen_Lucerne_26004,061_C.albellus_Thun_123578,0.0117193,0.0978605,0.0146591
070_C.alpnacherfelchen_Lucerne_26004,068_C.alpnacherfelchen_Lucerne_26020,061_C.albellus_Thun_123578,0.000232294,0.489705,0.000288965
066_C.alpnacherfelchen_Lucerne_26003,068_C.alpnacherfelchen_Lucerne_26020,063_C.albellus_Thun_123845,0.00911245,0.154733,0.0114134
066_C.alpnacherfelchen_Lucerne_26003,070_C.alpnacherfelchen_Lucerne_26004,063_C.albellus_Thun_123845,0.00584489,0.259842,0.00734048
070_C.alpnacherfelchen_Lucerne_26004,068_C.alpnacherfelchen_Lucerne_26020,063_C.albellus_Thun_123845,0.00329163,0.358636,0.00409097
066_C.alpnacherfelchen_Lucerne_26003,068_C.alpnacherfelchen_Lucerne_26020,064_C.albellus_Thun_123902,0.00360948,0.345486,0.00444947
066_C.alpnacherfelchen_Lucerne_26003,070_C.alpnacherfelchen_Lucerne_26004,064_C.albellus_Thun_123902,0.00644236,0.23947,0.00799271
068_C.alpnacherfelchen_Lucerne_26020,070_C.alpnacherfelchen_Lucerne_26004,064_C.albellus_Thun_123902,0.00291204,0.3747,0.00355246
